{
  "timestamp": "2026-02-20T15:23:18.691158",
  "strategies": {
    "ETH1": {
      "cagr": 0.8725702951112311,
      "max_dd": -0.5596651990886491,
      "sharpe": 1.4212831013042655,
      "calmar": 1.5590933589083478,
      "composite": 1.3666646431072917
    },
    "ETH2": {
      "cagr": 0.9854365198392709,
      "max_dd": -0.5693265794871368,
      "sharpe": 1.5081456082993792,
      "calmar": 1.7308809308129895,
      "composite": 1.4926979196128018
    },
    "ETH3": {
      "cagr": 0.47488764103986547,
      "maxdd": -0.3225145314363494,
      "sharpe": 1.3606620480327238,
      "calmar": 1.4724534703131291,
      "composite": 1.2282237355463144,
      "ann_vol": 0.2863744757779609,
      "years": 10.23015873015873
    }
  },
  "rankings": [
    [
      "ETH2: Crypto DualMom",
      1.4926979196128018
    ],
    [
      "ETH1: Triple DualMom",
      1.3666646431072917
    ],
    [
      "ETH3: Balanced RP_252d",
      1.2282237355463144
    ],
    [
      "BTC v7f",
      0.8628931762836509
    ],
    [
      "Stock v3b",
      0.786459791446348
    ]
  ]
}