{
  "strategy_names": [
    "TQQQ_v9g",
    "BTC_v7f",
    "StockMom",
    "Hedge_v4"
  ],
  "correlation": {
    "TQQQ_v9g": {
      "TQQQ_v9g": 1.0,
      "BTC_v7f": 0.15934753787161363,
      "StockMom": 0.8880963426164811,
      "Hedge_v4": 0.5398556401216413
    },
    "BTC_v7f": {
      "TQQQ_v9g": 0.15934753787161363,
      "BTC_v7f": 1.0,
      "StockMom": 0.18015928752589752,
      "Hedge_v4": 0.17603727843320127
    },
    "StockMom": {
      "TQQQ_v9g": 0.8880963426164811,
      "BTC_v7f": 0.18015928752589752,
      "StockMom": 1.0,
      "Hedge_v4": 0.6257374158515073
    },
    "Hedge_v4": {
      "TQQQ_v9g": 0.5398556401216413,
      "BTC_v7f": 0.17603727843320127,
      "StockMom": 0.6257374158515073,
      "Hedge_v4": 1.0
    }
  },
  "optimal_weights": [
    0.0,
    0.30000000000000004,
    0.7000000000000001,
    0
  ],
  "optimal_score": 1.4540693880689832,
  "optimal_metrics": {
    "CAGR": 0.4207843458475604,
    "MaxDD": -0.2589350376301177,
    "Sharpe": 1.7997237164023168,
    "Calmar": 1.6250575808463605,
    "WinRate": 0.5673652694610778,
    "AnnVol": 0.18276284064330037,
    "FinalValue": 41.42692982263651,
    "Years": 10.603174603174603
  }
}