{
  "results": {
    "v9g_base": {
      "full": {
        "cagr": 0.3717708585028201,
        "max_dd": -0.14876688079188474,
        "sharpe": 1.7122950308387006,
        "calmar": 2.499016289942272
      },
      "is": {
        "cagr": 0.40273089682314844,
        "max_dd": -0.14876688079188474,
        "sharpe": 1.856435343806145,
        "calmar": 2.7071273839944454
      },
      "oos": {
        "cagr": 0.31281643536129944,
        "max_dd": -0.10885776402446933,
        "sharpe": 1.449465299196256,
        "calmar": 2.873625396999554
      },
      "wf": 0.7807787672392074,
      "composite": 1.758878700012953
    },
    "A_vt20": {
      "full": {
        "cagr": 0.34949117525232043,
        "max_dd": -0.1487668807918847,
        "sharpe": 1.7290093242719493,
        "calmar": 2.349253902427625
      },
      "is": {
        "cagr": 0.3700623077033238,
        "max_dd": -0.1487668807918847,
        "sharpe": 1.8230501916406068,
        "calmar": 2.487531537486608
      },
      "oos": {
        "cagr": 0.30976822765240786,
        "max_dd": -0.10516734157596873,
        "sharpe": 1.5337250334280528,
        "calmar": 2.9454793000414825
      },
      "wf": 0.8412961093779961,
      "composite": 1.7012035257302938
    },
    "A_vt18": {
      "full": {
        "cagr": 0.34676571010927604,
        "max_dd": -0.14876688079188477,
        "sharpe": 1.7478628314154403,
        "calmar": 2.3309335267597553
      },
      "is": {
        "cagr": 0.3622963886238417,
        "max_dd": -0.14876688079188477,
        "sharpe": 1.8199563399618452,
        "calmar": 2.435329602229618
      },
      "oos": {
        "cagr": 0.31063826650791926,
        "max_dd": -0.10167752038378644,
        "sharpe": 1.5708684190538567,
        "calmar": 3.0551321996779714
      },
      "wf": 0.8631352217420718,
      "composite": 1.7008716852919334
    },
    "A_vt15": {
      "full": {
        "cagr": 0.33031796387562173,
        "max_dd": -0.127741648202247,
        "sharpe": 1.7263935322977912,
        "calmar": 2.5858282598064313
      },
      "is": {
        "cagr": 0.35055658976014104,
        "max_dd": -0.127741648202247,
        "sharpe": 1.819604402792605,
        "calmar": 2.7442623035920297
      },
      "oos": {
        "cagr": 0.2848083542344395,
        "max_dd": -0.0967458084888879,
        "sharpe": 1.51189871275901,
        "calmar": 2.943883137502047
      },
      "wf": 0.8308941825149745,
      "composite": 1.7909523096168134
    },
    "A_vt22": {
      "full": {
        "cagr": 0.3544102496998005,
        "max_dd": -0.1487668807918847,
        "sharpe": 1.7261912853576151,
        "calmar": 2.3823195580446273
      },
      "is": {
        "cagr": 0.3754121091202558,
        "max_dd": -0.1487668807918847,
        "sharpe": 1.8275604420322262,
        "calmar": 2.5234925080228927
      },
      "oos": {
        "cagr": 0.3108987796200864,
        "max_dd": -0.10885776402446919,
        "sharpe": 1.5168116700025385,
        "calmar": 2.8560092374320876
      },
      "wf": 0.8299652559320343,
      "composite": 1.7142863873008571
    },
    "B_tlt05_5": {
      "full": {
        "cagr": 0.36516310360519055,
        "max_dd": -0.14876688079188466,
        "sharpe": 1.7133977530655164,
        "calmar": 2.454599448892327
      },
      "is": {
        "cagr": 0.3996973172619205,
        "max_dd": -0.14876688079188466,
        "sharpe": 1.8532213145443404,
        "calmar": 2.6867358859333175
      },
      "oos": {
        "cagr": 0.30338545414491214,
        "max_dd": -0.10378528811186162,
        "sharpe": 1.4511849239183328,
        "calmar": 2.9232028899695104
      },
      "wf": 0.7830607777545133,
      "composite": 1.7402315015041756
    },
    "B_tlt08_10": {
      "full": {
        "cagr": 0.36535487868508065,
        "max_dd": -0.14876688079188471,
        "sharpe": 1.701115239621002,
        "calmar": 2.4558885468344838
      },
      "is": {
        "cagr": 0.40105488604101125,
        "max_dd": -0.14876688079188471,
        "sharpe": 1.8498866859954832,
        "calmar": 2.695861363135396
      },
      "oos": {
        "cagr": 0.3009748599548072,
        "max_dd": -0.1088577640244692,
        "sharpe": 1.428342013411337,
        "calmar": 2.764845141290553
      },
      "wf": 0.7721240572325653,
      "composite": 1.7358724903192104
    },
    "B_tlt05_10": {
      "full": {
        "cagr": 0.3585276347826103,
        "max_dd": -0.14876688079188477,
        "sharpe": 1.7127870772201552,
        "calmar": 2.409996316882971
      },
      "is": {
        "cagr": 0.39665024450612396,
        "max_dd": -0.14876688079188477,
        "sharpe": 1.8493233174427617,
        "calmar": 2.666253687613522
      },
      "oos": {
        "cagr": 0.29392380299079135,
        "max_dd": -0.10531489118215502,
        "sharpe": 1.4510460164428873,
        "calmar": 2.7909044931016838
      },
      "wf": 0.7846361978766315,
      "composite": 1.7208188845977728
    },
    "B_tlt10_10": {
      "full": {
        "cagr": 0.36720113610967653,
        "max_dd": -0.1487668807918847,
        "sharpe": 1.7064674797834902,
        "calmar": 2.4682989530671637
      },
      "is": {
        "cagr": 0.4017765015505901,
        "max_dd": -0.1487668807918847,
        "sharpe": 1.8525437470411932,
        "calmar": 2.7007120093661814
      },
      "oos": {
        "cagr": 0.3041091363705015,
        "max_dd": -0.10885776402446923,
        "sharpe": 1.4373676732981302,
        "calmar": 2.793637542492085
      },
      "wf": 0.7758886534225358,
      "composite": 1.7433468003621968
    },
    "AB_vt18_tlt08": {
      "full": {
        "cagr": 0.33915425943934463,
        "max_dd": -0.14876688079188474,
        "sharpe": 1.7257936915485064,
        "calmar": 2.279769916758553
      },
      "is": {
        "cagr": 0.3610951272350864,
        "max_dd": -0.14876688079188474,
        "sharpe": 1.8140974392339912,
        "calmar": 2.4272548117765216
      },
      "oos": {
        "cagr": 0.29546022883290624,
        "max_dd": -0.1016775203837865,
        "sharpe": 1.52651922933622,
        "calmar": 2.9058559622390274
      },
      "wf": 0.8414758746260057,
      "composite": 1.6700562952106928
    },
    "AB_vt20_tlt05": {
      "full": {
        "cagr": 0.3413488207388444,
        "max_dd": -0.14876688079188471,
        "sharpe": 1.717634086780696,
        "calmar": 2.2945215959482907
      },
      "is": {
        "cagr": 0.3677560610616595,
        "max_dd": -0.14876688079188471,
        "sharpe": 1.8221514287039837,
        "calmar": 2.4720291176644786
      },
      "oos": {
        "cagr": 0.29382859601417377,
        "max_dd": -0.10108070324405534,
        "sharpe": 1.5035225605319988,
        "calmar": 2.906871307619777
      },
      "wf": 0.8251359008078645,
      "composite": 1.6731320372393639
    }
  },
  "best": "A_vt15",
  "best_composite": 1.7909523096168134
}