{
  "no_vt": {
    "full": {
      "cagr": 0.3717708585028201,
      "max_dd": -0.14876688079188474,
      "sharpe": 1.7122950308387006,
      "calmar": 2.499016289942272
    },
    "is": {
      "cagr": 0.40273089682314844,
      "max_dd": -0.14876688079188474,
      "sharpe": 1.856435343806145,
      "calmar": 2.7071273839944454
    },
    "oos": {
      "cagr": 0.31281643536129944,
      "max_dd": -0.10885776402446933,
      "sharpe": 1.449465299196256,
      "calmar": 2.873625396999554
    },
    "wf": 0.7807787672392074,
    "composite": 1.758878700012953
  },
  "vt=0.10": {
    "full": {
      "cagr": 0.3101854284706669,
      "max_dd": -0.10699426488421442,
      "sharpe": 1.805175900701681,
      "calmar": 2.8990846266978805
    },
    "is": {
      "cagr": 0.325358012101963,
      "max_dd": -0.10699426488421442,
      "sharpe": 1.9050389359118138,
      "calmar": 3.0408920744869317
    },
    "oos": {
      "cagr": 0.26584579139257625,
      "max_dd": -0.08943840008784318,
      "sharpe": 1.5660773542664286,
      "calmar": 2.9723898362612937
    },
    "wf": 0.8220710478638342,
    "composite": 1.943741296653958
  },
  "vt=0.11": {
    "full": {
      "cagr": 0.31855846728575066,
      "max_dd": -0.10738655672377888,
      "sharpe": 1.8066340012521211,
      "calmar": 2.9664650492998947
    },
    "is": {
      "cagr": 0.335355378451196,
      "max_dd": -0.10738655672377888,
      "sharpe": 1.9082114081315138,
      "calmar": 3.122880448749293
    },
    "oos": {
      "cagr": 0.2729914829453628,
      "max_dd": -0.0910342084651308,
      "sharpe": 1.56600001375565,
      "calmar": 2.99877911334757
    },
    "wf": 0.8206637938974743,
    "composite": 1.9729513136779568
  },
  "vt=0.12": {
    "full": {
      "cagr": 0.3194665911375374,
      "max_dd": -0.12238027900779416,
      "sharpe": 1.7629301821830488,
      "calmar": 2.610441761757964
    },
    "is": {
      "cagr": 0.3321769715217917,
      "max_dd": -0.12238027900779416,
      "sharpe": 1.829822028302327,
      "calmar": 2.714301472548825
    },
    "oos": {
      "cagr": 0.27893619668046754,
      "max_dd": -0.09263037385743676,
      "sharpe": 1.563288025013933,
      "calmar": 3.011282207602505
    },
    "wf": 0.8543388377853998,
    "composite": 1.8132420958039126
  },
  "vt=0.13": {
    "full": {
      "cagr": 0.32989864921700973,
      "max_dd": -0.12244372849698429,
      "sharpe": 1.777609168064775,
      "calmar": 2.6942878436206303
    },
    "is": {
      "cagr": 0.35177971777781414,
      "max_dd": -0.12244372849698429,
      "sharpe": 1.8842367187613573,
      "calmar": 2.872990900358594
    },
    "oos": {
      "cagr": 0.28007529992792257,
      "max_dd": -0.09422686297942832,
      "sharpe": 1.5383499069317406,
      "calmar": 2.972350888823167
    },
    "wf": 0.8164313388091743,
    "composite": 1.854738534517564
  },
  "vt=0.14": {
    "full": {
      "cagr": 0.32735078922595395,
      "max_dd": -0.12258660809425358,
      "sharpe": 1.7359292997605547,
      "calmar": 2.6703633807557727
    },
    "is": {
      "cagr": 0.3431218000026983,
      "max_dd": -0.12258660809425358,
      "sharpe": 1.8122414019389563,
      "calmar": 2.799015368292767
    },
    "oos": {
      "cagr": 0.28567323440992665,
      "max_dd": -0.09582373175503041,
      "sharpe": 1.5360106391042647,
      "calmar": 2.9812367894441745
    },
    "wf": 0.847575073310241,
    "composite": 1.827987230051722
  },
  "vt=0.15": {
    "full": {
      "cagr": 0.3319671305765135,
      "max_dd": -0.1273230162983892,
      "sharpe": 1.7312495640859704,
      "calmar": 2.6072829581615347
    },
    "is": {
      "cagr": 0.34918950458231723,
      "max_dd": -0.1273230162983892,
      "sharpe": 1.8132025476771088,
      "calmar": 2.7425481639860814
    },
    "oos": {
      "cagr": 0.28987139604146894,
      "max_dd": -0.0974213034204695,
      "sharpe": 1.5299222918708306,
      "calmar": 2.9754415704169603
    },
    "wf": 0.8437680025493081,
    "composite": 1.8018064350143048
  },
  "vt=0.16": {
    "full": {
      "cagr": 0.33562629626028295,
      "max_dd": -0.13111523597605496,
      "sharpe": 1.7245578947462539,
      "calmar": 2.5597810487987607
    },
    "is": {
      "cagr": 0.3582230852160122,
      "max_dd": -0.13111523597605496,
      "sharpe": 1.8282802995696301,
      "calmar": 2.7321240170854977
    },
    "oos": {
      "cagr": 0.2886135126572522,
      "max_dd": -0.09902247626844614,
      "sharpe": 1.5029280533307674,
      "calmar": 2.9146262902457827
    },
    "wf": 0.8220446578593833,
    "composite": 1.7808608366700627
  },
  "vt=0.17": {
    "full": {
      "cagr": 0.3351415609279853,
      "max_dd": -0.1394528704932203,
      "sharpe": 1.7165371947081522,
      "calmar": 2.4032603971696567
    },
    "is": {
      "cagr": 0.3565026824223694,
      "max_dd": -0.1394528704932203,
      "sharpe": 1.826676670033985,
      "calmar": 2.556438466712675
    },
    "oos": {
      "cagr": 0.2907495946205543,
      "max_dd": -0.10062401261737225,
      "sharpe": 1.4937654806959881,
      "calmar": 2.8894653180463385
    },
    "wf": 0.8177503469555983,
    "composite": 1.7149473489367206
  },
  "vt=0.18": {
    "full": {
      "cagr": 0.3385184849212639,
      "max_dd": -0.14876688079188474,
      "sharpe": 1.70739611385589,
      "calmar": 2.2754962873411952
    },
    "is": {
      "cagr": 0.36257259398487407,
      "max_dd": -0.14876688079188474,
      "sharpe": 1.8215061189036132,
      "calmar": 2.4371862342942427
    },
    "oos": {
      "cagr": 0.29231876927675793,
      "max_dd": -0.1022337506336217,
      "sharpe": 1.48318790220045,
      "calmar": 2.8593176662797974
    },
    "wf": 0.8142645730409068,
    "composite": 1.660860657463087
  },
  "vt=0.19": {
    "full": {
      "cagr": 0.34149222841781945,
      "max_dd": -0.14876688079188477,
      "sharpe": 1.7051896214843727,
      "calmar": 2.2954855717889586
    },
    "is": {
      "cagr": 0.3669624225172745,
      "max_dd": -0.14876688079188477,
      "sharpe": 1.82432342414908,
      "calmar": 2.46669433790597
    },
    "oos": {
      "cagr": 0.2949449107236697,
      "max_dd": -0.10528347916827942,
      "sharpe": 1.4791881862008893,
      "calmar": 2.8014358288088648
    },
    "wf": 0.8108146651084238,
    "composite": 1.6685685229928966
  },
  "vt=0.20": {
    "full": {
      "cagr": 0.35257754037386047,
      "max_dd": -0.1487668807918847,
      "sharpe": 1.7412967497730814,
      "calmar": 2.370000221131838
    },
    "is": {
      "cagr": 0.37034675721335986,
      "max_dd": -0.1487668807918847,
      "sharpe": 1.8242771954053387,
      "calmar": 2.4894435861127664
    },
    "oos": {
      "cagr": 0.31619696404768804,
      "max_dd": -0.1054532266661202,
      "sharpe": 1.5589269590032733,
      "calmar": 2.998456984619468
    },
    "wf": 0.8545450016749747,
    "composite": 1.71503429643674
  }
}