{
  "v4d": {
    "cagr": 0.27097319626720373,
    "max_dd": -0.14973733052527852,
    "sharpe": 1.4450393884248511,
    "calmar": 1.8096569193308698,
    "wf": 0.799973066954226,
    "composite": 1.3560731623557292
  },
  "v5e_combo": {
    "cagr": 0.2630957229397082,
    "max_dd": -0.14973733052527852,
    "sharpe": 1.407416942741866,
    "calmar": 1.7570483059686481,
    "wf": 0.7175988149430603,
    "composite": 1.3184052440721472
  },
  "v8c_gld_dd": {
    "cagr": 0.2789888218424772,
    "max_dd": -0.14973733052527846,
    "sharpe": 1.5415057968694366,
    "calmar": 1.8631881633243,
    "wf": 0.8874084546664154,
    "composite": 1.41767534844599
  },
  "v8d": {
    "cagr": 0.28806467645107636,
    "max_dd": -0.1497373305252785,
    "sharpe": 1.582129270692517,
    "calmar": 1.9237999999101467,
    "wf": 0.8989424518153306,
    "composite": 1.4599846435312809
  }
}