{
  "strategy": "v9a 3m-dominant + 5-sector + Breadth45 + GLD70",
  "full": {
    "cagr": 0.30548159977990386,
    "max_dd": -0.14888925526318642,
    "sharpe": 1.5746193505007637,
    "calmar": 2.0517370393176764
  },
  "is": {
    "cagr": 0.3063319281323398,
    "max_dd": -0.14888925526318642,
    "sharpe": 1.6272904258638003,
    "calmar": 2.0574481858401894
  },
  "oos": {
    "cagr": 0.27836563142995363,
    "max_dd": -0.113415610520338,
    "sharpe": 1.403129361042456,
    "calmar": 2.45438551318327
  },
  "wf": 0.8622488885459061,
  "composite": 1.511638875883357,
  "turnover": 0.6226705492534587,
  "params": {
    "mom_weights": {
      "1m": 0.2,
      "3m": 0.5,
      "6m": 0.2,
      "12m": 0.1
    },
    "n_bull_secs": 5,
    "bull_sps": 2,
    "bear_sps": 2,
    "breadth_thresh": 0.45,
    "gld_compete_thresh": 0.7,
    "gld_compete_frac": 0.2,
    "dd_params": {
      "-0.08": 0.3,
      "-0.12": 0.5,
      "-0.18": 0.6
    }
  }
}