{
  "v3b_base": {
    "cagr": 0.2286246127974465,
    "max_dd": -0.22193773863659774,
    "sharpe": 1.1610548040370137,
    "calmar": 1.030129504796829,
    "wf": 0.6062985080457988,
    "composite": 0.9221986460930265
  },
  "top8": {
    "cagr": 0.268754946950887,
    "max_dd": -0.22594978628265447,
    "sharpe": 1.2343673288985777,
    "calmar": 1.1894454576499793,
    "wf": 0.5583639827006969,
    "composite": 1.0232761040096001
  },
  "top12": {
    "cagr": 0.2286246127974465,
    "max_dd": -0.22193773863659774,
    "sharpe": 1.1610548040370137,
    "calmar": 1.030129504796829,
    "wf": 0.6062985080457988,
    "composite": 0.9221986460930265
  },
  "top16": {
    "cagr": 0.20762858547333107,
    "max_dd": -0.23134769800878655,
    "sharpe": 1.1170780823292872,
    "calmar": 0.8974741796023636,
    "wf": 0.8428109830533984,
    "composite": 0.8473466218673266
  },
  "top20": {
    "cagr": 0.18284670204487297,
    "max_dd": -0.19653919192505248,
    "sharpe": 1.0599936158640306,
    "calmar": 0.9303320129381576,
    "wf": 0.7383345625175409,
    "composite": 0.8326995919298499
  },
  "top12nb": {
    "cagr": 0.21045574247055798,
    "max_dd": -0.2520283530749614,
    "sharpe": 1.0689909707027456,
    "calmar": 0.8350478821244435,
    "wf": 0.5314783689269749,
    "composite": 0.8037066896249871
  }
}