{
  "results": {
    "C_th60": {
      "full": {
        "cagr": 0.36471832182731445,
        "max_dd": -0.1487660799195684,
        "sharpe": 1.6760096514385678,
        "calmar": 2.451622856665326
      },
      "is": {
        "cagr": 0.3883626874185082,
        "max_dd": -0.1487660799195684,
        "sharpe": 1.7775298372034405,
        "calmar": 2.6105593938381633
      },
      "oos": {
        "cagr": 0.3139719268957406,
        "max_dd": -0.10885776402446931,
        "sharpe": 1.4574522072394722,
        "calmar": 2.8842400880580756
      },
      "wf": 0.8199312195695453,
      "composite": 1.7239966676070206
    },
    "C_th65": {
      "full": {
        "cagr": 0.3717708585028201,
        "max_dd": -0.14876688079188474,
        "sharpe": 1.7122950308387006,
        "calmar": 2.499016289942272
      },
      "is": {
        "cagr": 0.40273089682314844,
        "max_dd": -0.14876688079188474,
        "sharpe": 1.856435343806145,
        "calmar": 2.7071273839944454
      },
      "oos": {
        "cagr": 0.31281643536129944,
        "max_dd": -0.10885776402446933,
        "sharpe": 1.449465299196256,
        "calmar": 2.873625396999554
      },
      "wf": 0.7807787672392074,
      "composite": 1.758878700012953
    },
    "C_th70": {
      "full": {
        "cagr": 0.3627583736758384,
        "max_dd": -0.1487668807918848,
        "sharpe": 1.6779258968291504,
        "calmar": 2.438435031674246
      },
      "is": {
        "cagr": 0.38961532003447163,
        "max_dd": -0.1487668807918848,
        "sharpe": 1.8013116768490285,
        "calmar": 2.6189654441939814
      },
      "oos": {
        "cagr": 0.308322625624885,
        "max_dd": -0.10885776402446926,
        "sharpe": 1.4363188351975062,
        "calmar": 2.832343915823768
      },
      "wf": 0.7973738546512997,
      "composite": 1.7190960461365263
    },
    "C_th75": {
      "full": {
        "cagr": 0.35374966279426534,
        "max_dd": -0.14888925526318647,
        "sharpe": 1.670994625826457,
        "calmar": 2.375924724513895
      },
      "is": {
        "cagr": 0.3693056513094257,
        "max_dd": -0.14888925526318647,
        "sharpe": 1.776255587757784,
        "calmar": 2.4804049872948633
      },
      "oos": {
        "cagr": 0.3121384554887665,
        "max_dd": -0.10895685852574857,
        "sharpe": 1.453938410319735,
        "calmar": 2.864789419520592
      },
      "wf": 0.8185412168949635,
      "composite": 1.6895176726949939
    },
    "C_th60_3": {
      "full": {
        "cagr": 0.33019260987998966,
        "max_dd": -0.14916619807961923,
        "sharpe": 1.3954525989593223,
        "calmar": 2.2135886959037827
      },
      "is": {
        "cagr": 0.3259299392315609,
        "max_dd": -0.14916619807961923,
        "sharpe": 1.3607439765638425,
        "calmar": 2.18501204312784
      },
      "oos": {
        "cagr": 0.315224432133705,
        "max_dd": -0.128565761000754,
        "sharpe": 1.3520418243769285,
        "calmar": 2.451853663681548
      },
      "wf": 0.9936048570952424,
      "composite": 1.50965503992124
    },
    "C_th65_3": {
      "full": {
        "cagr": 0.33497512323861556,
        "max_dd": -0.14916619807961928,
        "sharpe": 1.4263897665358203,
        "calmar": 2.2456503386901265
      },
      "is": {
        "cagr": 0.35060675851245104,
        "max_dd": -0.14916619807961928,
        "sharpe": 1.4544109931202167,
        "calmar": 2.350443753519215
      },
      "oos": {
        "cagr": 0.29665644363615584,
        "max_dd": -0.12856576100075404,
        "sharpe": 1.3056494890344692,
        "calmar": 2.3074296089953217
      },
      "wf": 0.8977170106734395,
      "composite": 1.5358110667381017
    },
    "AC_th60": {
      "full": {
        "cagr": 0.3625991708623557,
        "max_dd": -0.14876722459145414,
        "sharpe": 1.677097542546144,
        "calmar": 2.4373592493785425
      },
      "is": {
        "cagr": 0.39720472743851465,
        "max_dd": -0.14876722459145414,
        "sharpe": 1.839222371901441,
        "calmar": 2.669974710688606
      },
      "oos": {
        "cagr": 0.29950021462278875,
        "max_dd": -0.12433738763110955,
        "sharpe": 1.3955114760413199,
        "calmar": 2.4087703652851475
      },
      "wf": 0.7587508163021092,
      "composite": 1.7183025509423457
    },
    "AC_th70": {
      "full": {
        "cagr": 0.3650781669689098,
        "max_dd": -0.14876811335662748,
        "sharpe": 1.6962374561890772,
        "calmar": 2.4540081791166033
      },
      "is": {
        "cagr": 0.3994546429530854,
        "max_dd": -0.14876811335662748,
        "sharpe": 1.8729525332375747,
        "calmar": 2.6850824006587435
      },
      "oos": {
        "cagr": 0.3022714012748726,
        "max_dd": -0.1098146281061177,
        "sharpe": 1.4029216718881632,
        "calmar": 2.7525604419729697
      },
      "wf": 0.7490428331694456,
      "composite": 1.733113887516054
    },
    "AC_th75": {
      "full": {
        "cagr": 0.3486126265688907,
        "max_dd": -0.1489424033665581,
        "sharpe": 1.6595204776478099,
        "calmar": 2.3405868220813497
      },
      "is": {
        "cagr": 0.37187640009766243,
        "max_dd": -0.1489424033665581,
        "sharpe": 1.8232210279704277,
        "calmar": 2.496779907481737
      },
      "oos": {
        "cagr": 0.2981579482612342,
        "max_dd": -0.10981462810611756,
        "sharpe": 1.3874947666066981,
        "calmar": 2.7151022901349187
      },
      "wf": 0.761012924555411,
      "composite": 1.669765445205442
    },
    "C_th65_ref": {
      "full": {
        "cagr": 0.3717708585028201,
        "max_dd": -0.14876688079188474,
        "sharpe": 1.7122950308387006,
        "calmar": 2.499016289942272
      },
      "is": {
        "cagr": 0.40273089682314844,
        "max_dd": -0.14876688079188474,
        "sharpe": 1.856435343806145,
        "calmar": 2.7071273839944454
      },
      "oos": {
        "cagr": 0.31281643536129944,
        "max_dd": -0.10885776402446933,
        "sharpe": 1.449465299196256,
        "calmar": 2.873625396999554
      },
      "wf": 0.7807787672392074,
      "composite": 1.758878700012953
    }
  }
}