{
  "strategy": "v9c vol30_45+dd_agr+hi52+shy",
  "full": {
    "cagr": 0.31576074955626643,
    "max_dd": -0.14888925526318636,
    "sharpe": 1.6384783327485177,
    "calmar": 2.1207759350942226
  },
  "is": {
    "cagr": 0.31152321387394366,
    "max_dd": -0.14888925526318636,
    "sharpe": 1.6739249058531056,
    "calmar": 2.0923149445759193
  },
  "oos": {
    "cagr": 0.29481426032133506,
    "max_dd": -0.10086951003505765,
    "sharpe": 1.4867292995182126,
    "calmar": 2.9227291796983157
  },
  "wf": 0.8881696510516462,
  "composite": 1.5668538570483495,
  "turnover": 0.6273430094153074,
  "params": {
    "mom_weights": {
      "1m": 0.2,
      "3m": 0.5,
      "6m": 0.2,
      "12m": 0.1
    },
    "n_bull_secs": 5,
    "bull_sps": 2,
    "bear_sps": 2,
    "breadth_thresh": 0.45,
    "gld_compete_thresh": 0.7,
    "gld_compete_frac": 0.2,
    "hi52_frac": 0.6,
    "use_shy": true,
    "vol_params": {
      "0.3": 0.1,
      "0.45": 0.2
    },
    "dd_params": {
      "-0.08": 0.4,
      "-0.12": 0.6,
      "-0.18": 0.7
    }
  }
}