{
  "base": {
    "cagr": 0.27097319626720373,
    "max_dd": -0.14973733052527852,
    "sharpe": 1.4450393884248511,
    "calmar": 1.8096569193308698,
    "wf": 0.799973066954226,
    "composite": 1.3560731623557292
  },
  "slope": {
    "cagr": 0.2290433888521517,
    "max_dd": -0.18043810685634507,
    "sharpe": 1.2615662668354675,
    "calmar": 1.2693737084844472,
    "wf": 0.7121777069023704,
    "composite": 1.0581846678983962
  },
  "consist": {
    "cagr": 0.26176051430156155,
    "max_dd": -0.14973733052527846,
    "sharpe": 1.4060388309068435,
    "calmar": 1.748131300212885,
    "wf": 0.8927696677381619,
    "composite": 1.3140201553082038
  },
  "both": {
    "cagr": 0.23584484048344612,
    "max_dd": -0.15961516102556103,
    "sharpe": 1.3026022758363447,
    "calmar": 1.4775842029547404,
    "wf": 0.7951568637996738,
    "composite": 1.1592435596131232
  },
  "blend": {
    "cagr": 0.23594607138131396,
    "max_dd": -0.1596135273334013,
    "sharpe": 1.302761008443851,
    "calmar": 1.478233551523919,
    "wf": 0.7951834539097216,
    "composite": 1.1595870382633708
  }
}