{
  "lb3_vt9": {
    "full": {
      "cagr": 0.30277341315535433,
      "max_dd": -0.09522661024474217,
      "sharpe": 1.8228237707882855,
      "calmar": 3.1795042622770624
    },
    "is": {
      "cagr": 0.3183293854669835,
      "max_dd": -0.09522661024474217,
      "sharpe": 1.9442458205917053,
      "calmar": 3.3428616712161054
    },
    "oos": {
      "cagr": 0.25718664854579854,
      "max_dd": -0.08784296036245702,
      "sharpe": 1.5601101483510007,
      "calmar": 2.9278003323726427
    },
    "wf": 0.8024243291808656,
    "composite": 2.0614858958572104,
    "avg_scale": 0.7088206293151831,
    "pct_scaled": 0.7086614173228346
  },
  "lb3_vt10": {
    "full": {
      "cagr": 0.3101854284706669,
      "max_dd": -0.10699426488421442,
      "sharpe": 1.805175900701681,
      "calmar": 2.8990846266978805
    },
    "is": {
      "cagr": 0.325358012101963,
      "max_dd": -0.10699426488421442,
      "sharpe": 1.9050389359118138,
      "calmar": 3.0408920744869317
    },
    "oos": {
      "cagr": 0.26584579139257625,
      "max_dd": -0.08943840008784318,
      "sharpe": 1.5660773542664286,
      "calmar": 2.9723898362612937
    },
    "wf": 0.8220710478638342,
    "composite": 1.943741296653958,
    "avg_scale": 0.7397947935390682,
    "pct_scaled": 0.6796875
  },
  "lb3_vt11": {
    "full": {
      "cagr": 0.31855846728575066,
      "max_dd": -0.10738655672377888,
      "sharpe": 1.8066340012521211,
      "calmar": 2.9664650492998947
    },
    "is": {
      "cagr": 0.335355378451196,
      "max_dd": -0.10738655672377888,
      "sharpe": 1.9082114081315138,
      "calmar": 3.122880448749293
    },
    "oos": {
      "cagr": 0.2729914829453628,
      "max_dd": -0.0910342084651308,
      "sharpe": 1.56600001375565,
      "calmar": 2.99877911334757
    },
    "wf": 0.8206637938974743,
    "composite": 1.9729513136779568,
    "avg_scale": 0.7658241962051664,
    "pct_scaled": 0.609375
  },
  "lb3_vt12": {
    "full": {
      "cagr": 0.3194665911375374,
      "max_dd": -0.12238027900779416,
      "sharpe": 1.7629301821830488,
      "calmar": 2.610441761757964
    },
    "is": {
      "cagr": 0.3321769715217917,
      "max_dd": -0.12238027900779416,
      "sharpe": 1.829822028302327,
      "calmar": 2.714301472548825
    },
    "oos": {
      "cagr": 0.27893619668046754,
      "max_dd": -0.09263037385743676,
      "sharpe": 1.563288025013933,
      "calmar": 3.011282207602505
    },
    "wf": 0.8543388377853998,
    "composite": 1.8132420958039126,
    "avg_scale": 0.7895709267411603,
    "pct_scaled": 0.5859375
  },
  "lb3_vt13": {
    "full": {
      "cagr": 0.32989864921700973,
      "max_dd": -0.12244372849698429,
      "sharpe": 1.777609168064775,
      "calmar": 2.6942878436206303
    },
    "is": {
      "cagr": 0.35177971777781414,
      "max_dd": -0.12244372849698429,
      "sharpe": 1.8842367187613573,
      "calmar": 2.872990900358594
    },
    "oos": {
      "cagr": 0.28007529992792257,
      "max_dd": -0.09422686297942832,
      "sharpe": 1.5383499069317406,
      "calmar": 2.972350888823167
    },
    "wf": 0.8164313388091743,
    "composite": 1.854738534517564,
    "avg_scale": 0.811194599123024,
    "pct_scaled": 0.5546875
  },
  "lb3_vt14": {
    "full": {
      "cagr": 0.32735078922595395,
      "max_dd": -0.12258660809425358,
      "sharpe": 1.7359292997605547,
      "calmar": 2.6703633807557727
    },
    "is": {
      "cagr": 0.3431218000026983,
      "max_dd": -0.12258660809425358,
      "sharpe": 1.8122414019389563,
      "calmar": 2.799015368292767
    },
    "oos": {
      "cagr": 0.28567323440992665,
      "max_dd": -0.09582373175503041,
      "sharpe": 1.5360106391042647,
      "calmar": 2.9812367894441745
    },
    "wf": 0.847575073310241,
    "composite": 1.827987230051722,
    "avg_scale": 0.8303641040430426,
    "pct_scaled": 0.5234375
  },
  "lb6_vt9": {
    "full": {
      "cagr": 0.2775152970060757,
      "max_dd": -0.1137724168040717,
      "sharpe": 1.757975026816453,
      "calmar": 2.439214220824603
    },
    "is": {
      "cagr": 0.29620506238134947,
      "max_dd": -0.1137724168040717,
      "sharpe": 1.8786244828648389,
      "calmar": 2.6034874770344936
    },
    "oos": {
      "cagr": 0.23953926698862205,
      "max_dd": -0.08919735331297386,
      "sharpe": 1.5277896877113215,
      "calmar": 2.685497473766195
    },
    "wf": 0.8132491094662483,
    "composite": 1.7343787584576373,
    "avg_scale": 0.6855659950734623,
    "pct_scaled": 0.7709923664122137
  },
  "lb6_vt10": {
    "full": {
      "cagr": 0.2871548350118107,
      "max_dd": -0.11846160149009698,
      "sharpe": 1.7496304624055394,
      "calmar": 2.4240330317990506
    },
    "is": {
      "cagr": 0.3045462190486943,
      "max_dd": -0.11846160149009698,
      "sharpe": 1.8528300198543286,
      "calmar": 2.570843338414207
    },
    "oos": {
      "cagr": 0.24907465934218642,
      "max_dd": -0.09331702713250008,
      "sharpe": 1.5338780136097352,
      "calmar": 2.6691233850444824
    },
    "wf": 0.8278568444882657,
    "composite": 1.7268963646841982,
    "avg_scale": 0.717168133545416,
    "pct_scaled": 0.7404580152671756
  },
  "lb6_vt11": {
    "full": {
      "cagr": 0.2943403857616431,
      "max_dd": -0.12519618940324848,
      "sharpe": 1.7354007086516046,
      "calmar": 2.351033103839867
    },
    "is": {
      "cagr": 0.3097660765745196,
      "max_dd": -0.12519618940324848,
      "sharpe": 1.82184795219351,
      "calmar": 2.4742452470081497
    },
    "oos": {
      "cagr": 0.25708963196664625,
      "max_dd": -0.09716019903799546,
      "sharpe": 1.534798430993276,
      "calmar": 2.6460385478019535
    },
    "wf": 0.8424404622489898,
    "composite": 1.6934416021489174,
    "avg_scale": 0.7449872889001529,
    "pct_scaled": 0.7175572519083969
  },
  "lb6_vt12": {
    "full": {
      "cagr": 0.3070129439982252,
      "max_dd": -0.13196174309136474,
      "sharpe": 1.7504290789461545,
      "calmar": 2.3265299230373335
    },
    "is": {
      "cagr": 0.32565291136313057,
      "max_dd": -0.13196174309136474,
      "sharpe": 1.8482348237534554,
      "calmar": 2.4677827356195365
    },
    "oos": {
      "cagr": 0.2648215955532651,
      "max_dd": -0.10099276372900122,
      "sharpe": 1.534036123648234,
      "calmar": 2.622183865211113
    },
    "wf": 0.8300006600529599,
    "composite": 1.6921861895930403,
    "avg_scale": 0.7700440495496745,
    "pct_scaled": 0.6870229007633588
  },
  "lb6_vt13": {
    "full": {
      "cagr": 0.3121235456811198,
      "max_dd": -0.1394975831866754,
      "sharpe": 1.7337735609561753,
      "calmar": 2.2374835359221716
    },
    "is": {
      "cagr": 0.3271832079696946,
      "max_dd": -0.1394975831866754,
      "sharpe": 1.813388303906033,
      "calmar": 2.3454399746256436
    },
    "oos": {
      "cagr": 0.2731404688236476,
      "max_dd": -0.10255008243271665,
      "sharpe": 1.5373419017236696,
      "calmar": 2.6634836593413342
    },
    "wf": 0.8477731429127671,
    "composite": 1.650927547887563,
    "avg_scale": 0.7940640447036593,
    "pct_scaled": 0.6641221374045801
  },
  "lb6_vt14": {
    "full": {
      "cagr": 0.3185816165924813,
      "max_dd": -0.1487668807918848,
      "sharpe": 1.722601220627092,
      "calmar": 2.141482128930002
    },
    "is": {
      "cagr": 0.33282937150708625,
      "max_dd": -0.1487668807918848,
      "sharpe": 1.7932506421020067,
      "calmar": 2.237254486586251
    },
    "oos": {
      "cagr": 0.28046470125582035,
      "max_dd": -0.1043652681610195,
      "sharpe": 1.536882189304651,
      "calmar": 2.6873375232755268
    },
    "wf": 0.8570370216085095,
    "composite": 1.6093496631413342,
    "avg_scale": 0.8166534784937797,
    "pct_scaled": 0.648854961832061
  },
  "baseline": {
    "full": {
      "cagr": 0.3717708585028201,
      "max_dd": -0.14876688079188474,
      "sharpe": 1.7122950308387006,
      "calmar": 2.499016289942272
    },
    "is": {
      "cagr": 0.40273089682314844,
      "max_dd": -0.14876688079188474,