{
  "strategy": "v5b Multi-Regime + Concentrated Quality + Smart Hedge",
  "full": {
    "cagr": 0.2171371836931526,
    "max_dd": -0.22011183925729355,
    "sharpe": 1.1727782584266335,
    "calmar": 0.9864857084735738
  },
  "is": {
    "cagr": 0.2035789042172016,
    "max_dd": -0.22011183925729355,
    "sharpe": 1.1560581164882842,
    "calmar": 0.9248884789846936
  },
  "oos": {
    "cagr": 0.2079413431185806,
    "max_dd": -0.19296169804496896,
    "sharpe": 1.0806987406194366,
    "calmar": 1.0776301474612888
  },
  "wf": 0.9348135056585529,
  "composite": 0.9071330234987134,
  "turnover": 0.6692579925185107
}