{
  "strategy": "v8d Breadth+SPY+GLD-compete+DD",
  "full": {
    "cagr": 0.28806467645107636,
    "max_dd": -0.1497373305252785,
    "sharpe": 1.582129270692517,
    "calmar": 1.9237999999101467
  },
  "is": {
    "cagr": 0.2802428653668483,
    "max_dd": -0.1497373305252785,
    "sharpe": 1.608932749430542,
    "calmar": 1.8715631191217075
  },
  "oos": {
    "cagr": 0.2706051019362923,
    "max_dd": -0.09600726963064528,
    "sharpe": 1.4463379505790726,
    "calmar": 2.8185897065644268
  },
  "wf": 0.8989424518153306,
  "composite": 1.4599846435312809,
  "turnover": 0.5909697618890202,
  "params": {
    "breadth_narrow": 0.4,
    "gld_compete_frac": 0.2,
    "gld_avg_thresh": 0.8,
    "dd_params": {
      "-0.08": 0.3,
      "-0.12": 0.5,
      "-0.18": 0.6
    }
  }
}