{
  "base": {
    "cagr": 0.27097319626720373,
    "max_dd": -0.14973733052527852,
    "sharpe": 1.4450393884248511,
    "calmar": 1.8096569193308698,
    "wf": 0.799973066954226,
    "composite": 1.3560731623557292
  },
  "sharpe6": {
    "cagr": 0.13135272645435636,
    "max_dd": -0.18822504103018634,
    "sharpe": 0.8616520085409952,
    "calmar": 0.6978493708140079,
    "wf": 1.1486938959138528,
    "composite": 0.6500710970328726
  },
  "sharpe3": {
    "cagr": 0.0901043924931233,
    "max_dd": -0.20154860543904782,
    "sharpe": 0.6522215693266321,
    "calmar": 0.44706036192531534,
    "wf": 1.5519645101247304,
    "composite": 0.45773365099940366
  },
  "blend": {
    "cagr": 0.1915426657216881,
    "max_dd": -0.1438161654791698,
    "sharpe": 1.146688062445634,
    "calmar": 1.3318576884837814,
    "wf": 0.832817888966145,
    "composite": 1.0297268335161038
  },
  "strict": {
    "cagr": 0.13135272645435636,
    "max_dd": -0.18822504103018634,
    "sharpe": 0.8616520085409952,
    "calmar": 0.6978493708140079,
    "wf": 1.1486938959138528,
    "composite": 0.6500710970328726
  }
}