{
  "v3b": {
    "name": "v3b (baseline)",
    "cagr": 0.2579994904787959,
    "max_dd": -0.17710990651788278,
    "sharpe": 1.346402119840305,
    "calmar": 1.4567197033258312,
    "is_sharpe": 1.3900151828253022,
    "oos_sharpe": 1.1836217091305372,
    "wf": 0.8515171084136967,
    "composite": 1.1728486273622138,
    "turnover": 0.6122775611023573,
    "dd_2022": {
      "name": "v3b",
      "max_dd_2022": -0.08276057417131832,
      "ret_2022": 0.1359637962407989,
      "recovery_months": 2.966666666666667
    }
  },
  "v4a": {
    "name": "v4a DeepBear GLD",
    "cagr": 0.24976638730733658,
    "max_dd": -0.17710990651788272,
    "sharpe": 1.321055600862156,
    "calmar": 1.4102338610975313,
    "is_sharpe": 1.3774433967626285,
    "oos_sharpe": 1.141093015097404,
    "wf": 0.8284137248610628,
    "composite": 1.1424690622453422,
    "turnover": 0.6154344655670052,
    "dd_2022": {
      "name": "v4a",
      "max_dd_2022": -0.11013345450844464,
      "ret_2022": 0.07950554125530584,
      "recovery_months": 2.966666666666667
    }
  },
  "v4a2": {
    "name": "v4a2 Bear+GLD",
    "cagr": 0.2582316691611155,
    "max_dd": -0.18130259970234774,
    "sharpe": 1.3784474773929372,
    "calmar": 1.4243131073965045,
    "is_sharpe": 1.4679509236917934,
    "oos_sharpe": 1.1628070276004987,
    "wf": 0.792129361297802,
    "composite": 1.172750567748,
    "turnover": 0.6182150085464864,
    "dd_2022": {
      "name": "v4a2",
      "max_dd_2022": -0.12026602823157861,
      "ret_2022": 0.057845201455219764,
      "recovery_months": 2.966666666666667
    }
  },
  "v4c": {
    "name": "v4c DualMom",
    "cagr": 0.23416465161850852,
    "max_dd": -0.1771099065178827,
    "sharpe": 1.339093536020335,
    "calmar": 1.322143160833666,
    "is_sharpe": 1.3556034234567327,
    "oos_sharpe": 1.1952995121171712,
    "wf": 0.8817471920137284,
    "composite": 1.1113276090653021,
    "turnover": 0.5480201278376103,
    "dd_2022": {
      "name": "v4c",
      "max_dd_2022": -0.11196711494415933,
      "ret_2022": 0.014378014310275855,
      "recovery_months": 2.966666666666667
    }
  },
  "v4d": {
    "name": "v4d DD Responsive",
    "cagr": 0.2642288838705473,
    "max_dd": -0.15190835838240366,
    "sharpe": 1.3938162950276893,
    "calmar": 1.739396611774289,
    "is_sharpe": 1.4660783092573326,
    "oos_sharpe": 1.2016139770984957,
    "wf": 0.8196110463616327,
    "composite": 1.306130939494901,
    "turnover": 0.6111514636990267,
    "dd_2022": {
      "name": "v4d",
      "max_dd_2022": -0.0827605741713183,
      "ret_2022": 0.13596379624079846,
      "recovery_months": 2.966666666666667
    }
  },
  "v4e": {
    "name": "v4e SoftBear+GLD",
    "cagr": 0.2669183583939776,
    "max_dd": -0.17707823249874247,
    "sharpe": 1.3784785224324214,
    "calmar": 1.5073470896309806,
    "is_sharpe": 1.4447931292822043,
    "oos_sharpe": 1.1912716104740704,
    "wf": 0.8245274609423929,
    "composite": 1.2077139165041562,
    "turnover": 0.6290714542321282,
    "dd_2022": {
      "name": "v4e",
      "max_dd_2022": -0.10222435225222545,
      "ret_2022": 0.12433996447706575,
      "recovery_months": 2.966666666666667
    }
  }
}