{
  "strategy": "v9b 52w-High(60%)+SHY+v9a",
  "full": {
    "cagr": 0.3089618540242143,
    "max_dd": -0.14888925526318642,
    "sharpe": 1.601828456338053,
    "calmar": 2.0751118237382076
  },
  "is": {
    "cagr": 0.3062227015969061,
    "max_dd": -0.14888925526318642,
    "sharpe": 1.6363858832139015,
    "calmar": 2.056714576586516
  },
  "oos": {
    "cagr": 0.2861436909515902,
    "max_dd": -0.11256173533310494,
    "sharpe": 1.4495403026407365,
    "calmar": 2.54210447364553
  },
  "wf": 0.885818141986048,
  "composite": 1.5325684828353472,
  "turnover": 0.6240319537863688,
  "vs_v9a": 0.020968482835347135
}