{
  "v4d_base": {
    "cagr": 0.2702378082182242,
    "max_dd": -0.14973733052527854,
    "sharpe": 1.434973276887829,
    "calmar": 1.8047457322113996,
    "wf": 0.8288373153497037,
    "composite": 1.3499351652833365
  },
  "v5f_a": {
    "cagr": 0.2550664565478946,
    "max_dd": -0.15019942763547703,
    "sharpe": 1.359316800300221,
    "calmar": 1.698185276490681,
    "wf": 0.8505430026056227,
    "composite": 1.2740141220259398
  },
  "v5f_b": {
    "cagr": 0.2564036297359251,
    "max_dd": -0.15122973952745636,
    "sharpe": 1.3619457013758185,
    "calmar": 1.6954577223838572,
    "wf": 0.8451044497313375,
    "composite": 1.2742420954510554
  },
  "v5f_c": {
    "cagr": 0.2589187935546866,
    "max_dd": -0.15221510788338832,
    "sharpe": 1.3719522306528722,
    "calmar": 1.701005880132764,
    "wf": 0.8431289423783728,
    "composite": 1.2809670030251918
  },
  "v5f_d": {
    "cagr": 0.24832634394623287,
    "max_dd": -0.15674885872582722,
    "sharpe": 1.3311054837225136,
    "calmar": 1.5842306346905262,
    "wf": 0.8079727018904186,
    "composite": 1.2157997161544625
  }
}