{
  "base": {
    "cagr": 0.27097319626720373,
    "max_dd": -0.14973733052527852,
    "sharpe": 1.4450393884248511,
    "calmar": 1.8096569193308698,
    "wf": 0.799973066954226,
    "composite": 1.3560731623557292
  },
  "v7c_alpha": {
    "cagr": 0.19617057680579775,
    "max_dd": -0.19231652076404068,
    "sharpe": 1.0698510612672723,
    "calmar": 1.0200401714134884,
    "wf": 1.0640936924755655,
    "composite": 0.8751906084334637
  },
  "v7c_strict": {
    "cagr": 0.20984209669605258,
    "max_dd": -0.15890819602833245,
    "sharpe": 1.1547723110289982,
    "calmar": 1.3205240632058959,
    "wf": 0.9542296296054148,
    "composite": 1.0320869690331682
  },
  "v7c_both": {
    "cagr": 0.1854059296719106,
    "max_dd": -0.16914511674494473,
    "sharpe": 1.0964851713092478,
    "calmar": 1.0961352786287393,
    "wf": 0.512413798433219,
    "composite": 0.9141293659095769
  }
}