{
  "v4d_baseline": {
    "cagr": 0.24428314760781933,
    "max_dd": -0.1327178709836877,
    "sharpe": 1.378396162391486,
    "calmar": 1.8406198486852163,
    "wf": 0.807639295573852,
    "composite": 1.336463033952245
  },
  "v5e_pure": {
    "cagr": 0.26347808844847576,
    "max_dd": -0.1768232189849158,
    "sharpe": 1.3821623088555566,
    "calmar": 1.4900649923749676,
    "wf": 0.834641451289472,
    "composite": 1.2015865381819049
  },
  "v5e_combo": {
    "cagr": 0.27157271061019883,
    "max_dd": -0.14973733052527854,
    "sharpe": 1.4438810638540431,
    "calmar": 1.8136606927445666,
    "wf": 0.8122462759053211,
    "composite": 1.3573312447614836
  },
  "v5e_or": {
    "cagr": 0.25665146646953074,
    "max_dd": -0.1569002389855801,
    "sharpe": 1.4039439213193285,
    "calmar": 1.6357621131037174,
    "wf": 0.9370465301182932,
    "composite": 1.2672127070631247
  },
  "v5e_gld": {
    "cagr": 0.24428314760781933,
    "max_dd": -0.1327178709836877,
    "sharpe": 1.378396162391486,
    "calmar": 1.8406198486852163,
    "wf": 0.807639295573852,
    "composite": 1.336463033952245
  }
}