{
  "strategy": "v11a Master: v10d + v10b defensive bridge + v9m soft hedge",
  "full": {
    "cagr": 0.31683335229824383,
    "max_dd": -0.09518743185082226,
    "sharpe": 1.9138981985337133,
    "calmar": 3.328520857614743
  },
  "is": {
    "cagr": 0.3475800847430546,
    "max_dd": -0.09444084412985082,
    "sharpe": 2.1225989571812813,
    "calmar": 3.680400021257239
  },
  "oos": {
    "cagr": 0.2575544117855082,
    "max_dd": -0.09518743184285412,
    "sharpe": 1.5663818669997627,
    "calmar": 2.7057606954950453
  },
  "wf": 0.7379546954455538,
  "composite": 2.1603342929190315,
  "turnover": 0.5271897803886074,
  "wf3": 0.8206973548365696,
  "wf3_periods": {
    "is_2015_18": {
      "cagr": 0.2510143101323654,
      "max_dd": -0.09444084412985082,
      "sharpe": 1.8555034797902747,
      "calmar": 2.657899899615837
    },
    "oos1_2019_21": {
      "cagr": 0.4634716184862535,
      "max_dd": -0.05242393064888738,
      "sharpe": 2.435021882702672,
      "calmar": 8.840840676186305
    },
    "oos2_2022_25": {
      "cagr": 0.24458947837191825,
      "max_dd": -0.09518705676857801,
      "sharpe": 1.5228067977539288,
      "calmar": 2.5695665637248606
    }
  },
  "regime_hist": {
    "bull_hi": 54,
    "soft_bull": 60,
    "bear": 17
  },
  "bond_hist": {
    "TLT": 5,
    "IEF": 5,
    "none": 7
  }
}