{
  "strategy": "v5a Skip-Month Momentum + Vol-Target + Dual Hedge",
  "full": {
    "cagr": 0.19476025985464562,
    "max_dd": -0.20052782979985287,
    "sharpe": 1.1501747367334345,
    "calmar": 0.9712380573261883
  },
  "is": {
    "cagr": 0.1810562526348134,
    "max_dd": -0.20052782979985287,
    "sharpe": 1.0868207275913848,
    "calmar": 0.9028983798185315
  },
  "oos": {
    "cagr": 0.20863948679800792,
    "max_dd": -0.09482961963750298,
    "sharpe": 1.181421869156789,
    "calmar": 2.2001510455863484
  },
  "wf": 1.0870439246912962,
  "composite": 0.8875171695947782,
  "turnover": 0.5865535993204226,
  "params": {
    "vol_target": 0.15,
    "dd_thresh_1": -0.08,
    "gld_alloc_1": 0.3,
    "dd_thresh_2": -0.15,
    "gld_alloc_2": 0.5
  }
}