{
  "base": {
    "cagr": 0.27097319626720373,
    "max_dd": -0.14973733052527852,
    "sharpe": 1.4450393884248511,
    "calmar": 1.8096569193308698,
    "wf": 0.799973066954226,
    "composite": 1.3560731623557292
  },
  "v8c_gld": {
    "cagr": 0.2726694775308891,
    "max_dd": -0.17710990651788272,
    "sharpe": 1.410941671761941,
    "calmar": 1.5395495536742196,
    "wf": 0.91052987259833,
    "composite": 1.2347303856806422
  },
  "v8c_tlt": {
    "cagr": 0.2497249905865786,
    "max_dd": -0.17710990651788275,
    "sharpe": 1.3164898729034606,
    "calmar": 1.4100001264546087,
    "wf": 0.8991713061327797,
    "composite": 1.1405409978605434
  },
  "v8c_both": {
    "cagr": 0.26158432524922604,
    "max_dd": -0.17710990651788275,
    "sharpe": 1.365221632138797,
    "calmar": 1.47696043881551,
    "wf": 0.9689913812283624,
    "composite": 1.189189693431568
  },
  "v8c_gld_dd": {
    "cagr": 0.2716530990834438,
    "max_dd": -0.14973733052527852,
    "sharpe": 1.4439598404733336,
    "calmar": 1.814197556016825,
    "wf": 0.8788738278605431,
    "composite": 1.3575935784127524
  }
}