{
  "configs": {
    "v9f_base": {
      "adaptive_mom": false,
      "dynamic_secs": false,
      "ief_hi": 0.0
    },
    "A_adaptive": {
      "adaptive_mom": true,
      "dynamic_secs": false,
      "ief_hi": 0.0
    },
    "B_ief5": {
      "adaptive_mom": false,
      "dynamic_secs": false,
      "ief_hi": 0.05
    },
    "B_ief8": {
      "adaptive_mom": false,
      "dynamic_secs": false,
      "ief_hi": 0.08
    },
    "C_dynsecs": {
      "adaptive_mom": false,
      "dynamic_secs": true,
      "ief_hi": 0.0
    },
    "AB_5": {
      "adaptive_mom": true,
      "dynamic_secs": false,
      "ief_hi": 0.05
    },
    "AC": {
      "adaptive_mom": true,
      "dynamic_secs": true,
      "ief_hi": 0.0
    },
    "BC_5": {
      "adaptive_mom": false,
      "dynamic_secs": true,
      "ief_hi": 0.05
    },
    "ABC_5": {
      "adaptive_mom": true,
      "dynamic_secs": true,
      "ief_hi": 0.05
    }
  },
  "results": {
    "v9f_base": {
      "full": {
        "cagr": 0.34588481612730715,
        "max_dd": -0.14888925526318636,
        "sharpe": 1.6716051569445756,
        "calmar": 2.3231012574809284
      },
      "is": {
        "cagr": 0.34808261400520957,
        "max_dd": -0.14888925526318636,
        "sharpe": 1.7178483199186079,
        "calmar": 2.337862550188165
      },
      "oos": {
        "cagr": 0.3177106177504301,
        "max_dd": -0.10458775179583814,
        "sharpe": 1.5096307646659985,
        "calmar": 3.0377421093305568
      },
      "wf": 0.8787916530008454,
      "composite": 1.6670595289956631
    },
    "A_adaptive": {
      "full": {
        "cagr": 0.34813335490574104,
        "max_dd": -0.14894240336655817,
        "sharpe": 1.6893700230689124,
        "calmar": 2.337368989870261
      },
      "is": {
        "cagr": 0.3623442979011191,
        "max_dd": -0.14894240336655817,
        "sharpe": 1.810658065399574,
        "calmar": 2.43278132829214
      },
      "oos": {
        "cagr": 0.3060245557562966,
        "max_dd": -0.1098146281061176,
        "sharpe": 1.4512658867982344,
        "calmar": 2.78673762352111
      },
      "wf": 0.8015129496457248,
      "composite": 1.6803222761568175
    },
    "B_ief5": {
      "full": {
        "cagr": 0.34516101721828907,
        "max_dd": -0.14888925526318636,
        "sharpe": 1.671743917048734,
        "calmar": 2.318239933487208
      },
      "is": {
        "cagr": 0.3467373076324711,
        "max_dd": -0.14888925526318636,
        "sharpe": 1.7184993604856296,
        "calmar": 2.3288269326054163
      },
      "oos": {
        "cagr": 0.3177106177504301,
        "max_dd": -0.10458775179583814,
        "sharpe": 1.5096307646659985,
        "calmar": 3.0377421093305568
      },
      "wf": 0.8784587293878265,
      "composite": 1.665025743658035
    },
    "B_ief8": {
      "full": {
        "cagr": 0.34472494729495207,
        "max_dd": -0.14888925526318636,
        "sharpe": 1.6717417000106962,
        "calmar": 2.3153111128509156
      },
      "is": {
        "cagr": 0.3459270947754698,
        "max_dd": -0.14888925526318636,
        "sharpe": 1.7187261369487732,
        "calmar": 2.3233852178519294
      },
      "oos": {
        "cagr": 0.3177106177504301,
        "max_dd": -0.10458775179583814,
        "sharpe": 1.5096307646659985,
        "calmar": 3.0377421093305568
      },
      "wf": 0.878342821588797,
      "composite": 1.6637661146036353
    },
    "C_dynsecs": {
      "full": {
        "cagr": 0.3717708585028201,
        "max_dd": -0.14876688079188474,
        "sharpe": 1.7122950308387006,
        "calmar": 2.499016289942272
      },
      "is": {
        "cagr": 0.40273089682314844,
        "max_dd": -0.14876688079188474,
        "sharpe": 1.856435343806145,
        "calmar": 2.7071273839944454
      },
      "oos": {
        "cagr": 0.31281643536129944,
        "max_dd": -0.10885776402446933,
        "sharpe": 1.449465299196256,
        "calmar": 2.873625396999554
      },
      "wf": 0.7807787672392074,
      "composite": 1.758878700012953
    },
    "AB_5": {
      "full": {
        "cagr": 0.3474430020040373,
        "max_dd": -0.14894240336655817,
        "sharpe": 1.6906349139180206,
        "calmar": 2.3327339572261003
      },
      "is": {
        "cagr": 0.36104973063899637,
        "max_dd": -0.14894240336655817,
        "sharpe": 1.814138391705797,
        "calmar": 2.4240895975770345
      },
      "oos": {
        "cagr": 0.3060245557562966,
        "max_dd": -0.1098146281061176,
        "sharpe": 1.4512658867982344,
        "calmar": 2.78673762352111
      },
      "wf": 0.7999752904372632,
      "composite": 1.678836148858456
    },
    "AC": {
      "full": {
        "cagr": 0.3721807779678852,
        "max_dd": -0.14876811335662757,
        "sharpe": 1.724232615962333,
        "calmar": 2.501751010821061
      },
      "is": {
        "cagr": 0.41382473657646046,
        "max_dd": -0.14876811335662757,
        "sharpe": 1.9337630272718123,
        "calmar": 2.7816763097911847
      },
      "oos": {
        "cagr": 0.3013540771189056,
        "max_dd": -0.12433738763110977,
        "sharpe": 1.3975926127235936,
        "calmar": 2.423680301318358
      },
      "wf": 0.7227320995454869,
      "composite": 1.7648296063069346
    },
    "BC_5": {
      "full": {
        "cagr": 0.3710396636849207,
        "max_dd": -0.14876688079188474,
        "sharpe": 1.712350985906617,
        "calmar": 2.4941012523075026
      },
      "is": {
        "cagr": 0.40134343372606174,
        "max_dd": -0.14876688079188474,
        "sharpe": 1.857095551020522,
        "calmar": 2.6978009593917296
      },
      "oos": {
        "cagr": 0.31281643536129944,
        "max_dd": -0.10885776402446933,
        "sharpe": 1.449465299196256,
        "calmar": 2.873625396999554
      },
      "wf": 0.7805011962899471,
      "composite": 1.7567888280226323
    },
    "ABC_5": {
      "full": {
        "cagr": 0.37147812168824346,
        "max_dd": -0.14876811335662757,
        "sharpe": 1.7253269000879148,
        "calmar": 2.497027846267933
      },
      "is": {
        "cagr": 0.412481270764693,
        "max_dd": -0.14876811335662757,
        "sharpe": 1.9370435896278175,
        "calmar": 2.7726457065156906
      },
      "oos": {
        "cagr": 0.3013540771189056,
        "max_dd": -0.12433738763110977,
        "sharpe": 1.3975926127235936,
        "calmar": 2.423680301318358
      },
      "wf": 0.7215080859342593,
      "composite": 1.763237522879988
    }
  },
  "best": "AC",
  "best_composite": 1.7648296063069346
}