{
  "v8a_dd": {
    "cagr": 0.27097319626720373,
    "max_dd": -0.14973733052527852,
    "sharpe": 1.4450393884248511,
    "calmar": 1.8096569193308698,
    "wf": 0.799973066954226,
    "composite": 1.3560731623557292
  },
  "v8a_cs": {
    "cagr": 0.2579994904787959,
    "max_dd": -0.17710990651788278,
    "sharpe": 1.346402119840305,
    "calmar": 1.4567197033258312,
    "wf": 0.8515171084136967,
    "composite": 1.1728486273622138
  },
  "v8a_combo": {
    "cagr": 0.27097319626720373,
    "max_dd": -0.14973733052527852,
    "sharpe": 1.4450393884248511,
    "calmar": 1.8096569193308698,
    "wf": 0.799973066954226,
    "composite": 1.3560731623557292
  },
  "v8a_soft": {
    "cagr": 0.27097319626720373,
    "max_dd": -0.14973733052527852,
    "sharpe": 1.4450393884248511,
    "calmar": 1.8096569193308698,
    "wf": 0.799973066954226,
    "composite": 1.3560731623557292
  },
  "v8a_tight": {
    "cagr": 0.27097319626720373,
    "max_dd": -0.14973733052527852,
    "sharpe": 1.4450393884248511,
    "calmar": 1.8096569193308698,
    "wf": 0.799973066954226,
    "composite": 1.3560731623557292
  }
}