{
  "configs": {
    "v9g_base": {
      "three_tier": false,
      "weighted_top": 0,
      "skip_1m": false
    },
    "A_3tier_75": {
      "three_tier": true,
      "thresh_hi": 0.75,
      "thresh_lo": 0.65,
      "weighted_top": 0,
      "skip_1m": false
    },
    "A_3tier_70": {
      "three_tier": true,
      "thresh_hi": 0.7,
      "thresh_lo": 0.65,
      "weighted_top": 0,
      "skip_1m": false
    },
    "A_3tier_78": {
      "three_tier": true,
      "thresh_hi": 0.78,
      "thresh_lo": 0.65,
      "weighted_top": 0,
      "skip_1m": false
    },
    "B_top1": {
      "three_tier": false,
      "weighted_top": 1,
      "skip_1m": false
    },
    "B_top2": {
      "three_tier": false,
      "weighted_top": 2,
      "skip_1m": false
    },
    "C_skip1m": {
      "three_tier": false,
      "weighted_top": 0,
      "skip_1m": true,
      "mom_w": [
        0.0,
        0.6,
        0.28,
        0.12
      ]
    },
    "C_reduce1m": {
      "three_tier": false,
      "weighted_top": 0,
      "skip_1m": false,
      "mom_w": [
        0.08,
        0.55,
        0.25,
        0.12
      ]
    },
    "AB_3t75_top1": {
      "three_tier": true,
      "thresh_hi": 0.75,
      "thresh_lo": 0.65,
      "weighted_top": 1,
      "skip_1m": false
    },
    "AB_3t70_top1": {
      "three_tier": true,
      "thresh_hi": 0.7,
      "thresh_lo": 0.65,
      "weighted_top": 1,
      "skip_1m": false
    },
    "AC_3t75_skip": {
      "three_tier": true,
      "thresh_hi": 0.75,
      "thresh_lo": 0.65,
      "weighted_top": 0,
      "skip_1m": true,
      "mom_w": [
        0.0,
        0.6,
        0.28,
        0.12
      ]
    }
  },
  "results": {
    "v9g_base": {
      "full": {
        "cagr": 0.3717708585028201,
        "max_dd": -0.14876688079188474,
        "sharpe": 1.7122950308387006,
        "calmar": 2.499016289942272
      },
      "is": {
        "cagr": 0.40273089682314844,
        "max_dd": -0.14876688079188474,
        "sharpe": 1.856435343806145,
        "calmar": 2.7071273839944454
      },
      "oos": {
        "cagr": 0.31281643536129944,
        "max_dd": -0.10885776402446933,
        "sharpe": 1.449465299196256,
        "calmar": 2.873625396999554
      },
      "wf": 0.7807787672392074,
      "composite": 1.758878700012953
    },
    "A_3tier_75": {
      "full": {
        "cagr": 0.3654626017928415,
        "max_dd": -0.14876688079188474,
        "sharpe": 1.594813490397785,
        "calmar": 2.456612653619458
      },
      "is": {
        "cagr": 0.4147769130584207,
        "max_dd": -0.14876688079188474,
        "sharpe": 1.7568416577133223,
        "calmar": 2.7880998166431064
      },
      "oos": {
        "cagr": 0.28962158054908627,
        "max_dd": -0.12871393238955903,
        "sharpe": 1.3178737309994952,
        "calmar": 2.2501183451728624
      },
      "wf": 0.7501380247977607,
      "composite": 1.6936629779654655
    },
    "A_3tier_70": {
      "full": {
        "cagr": 0.3697288044352314,
        "max_dd": -0.14916619807961934,
        "sharpe": 1.5636288167939731,
        "calmar": 2.4786366428531212
      },
      "is": {
        "cagr": 0.4042486249617585,
        "max_dd": -0.14916619807961934,
        "sharpe": 1.6345329927505572,
        "calmar": 2.7100551610626002
      },
      "oos": {
        "cagr": 0.31042926133622606,
        "max_dd": -0.128565761000754,
        "sharpe": 1.390395999445656,
        "calmar": 2.414556246700904
      },
      "wf": 0.8506380755924219,
      "composite": 1.690851944745884
    },
    "A_3tier_78": {
      "full": {
        "cagr": 0.372524940594422,
        "max_dd": -0.14876688079188471,
        "sharpe": 1.6310831353256856,
        "calmar": 2.504085174142761
      },
      "is": {
        "cagr": 0.411069442189975,
        "max_dd": -0.14876688079188471,
        "sharpe": 1.7443699787871516,
        "calmar": 2.7631784709194425
      },
      "oos": {
        "cagr": 0.3087528837006819,
        "max_dd": -0.12871393238955897,
        "sharpe": 1.4083973046100156,
        "calmar": 2.39875262894017
      },
      "wf": 0.8073959777668637,
      "composite": 1.728572311906263
    },
    "B_top1": {
      "full": {
        "cagr": 0.3501332455285524,
        "max_dd": -0.1422531562728355,
        "sharpe": 1.6706978328098512,
        "calmar": 2.4613390289703783
      },
      "is": {
        "cagr": 0.36872800911399506,
        "max_dd": -0.1422531562728355,
        "sharpe": 1.8017814541571733,
        "calmar": 2.5920550290412567
      },
      "oos": {
        "cagr": 0.297027904208611,
        "max_dd": -0.11899012108621003,
        "sharpe": 1.4108277765846184,
        "calmar": 2.4962400365439588
      },
      "wf": 0.7830182585848444,
      "composite": 1.7228413938178022
    },
    "B_top2": {
      "full": {
        "cagr": 0.3318346762156068,
        "max_dd": -0.13947545978796444,
        "sharpe": 1.6436090463215047,
        "calmar": 2.379161730099859
      },
      "is": {
        "cagr": 0.34849590333724856,
        "max_dd": -0.13947545978796444,
        "sharpe": 1.7327937447465933,
        "calmar": 2.4986180641888147
      },
      "oos": {
        "cagr": 0.2825767057160309,
        "max_dd": -0.1181193293967272,
        "sharpe": 1.4225037694995109,
        "calmar": 2.3922985946435658
      },
      "wf": 0.8209308083043318,
      "composite": 1.6754752458116668
    },
    "C_skip1m": {
      "full": {
        "cagr": 0.20247782245493307,
        "max_dd": -0.18214219334702,
        "sharpe": 1.085713896646862,
        "calmar": 1.1116469980635915
      },
      "is": {
        "cagr": 0.2466040347965901,
        "max_dd": -0.1634153253374661,
        "sharpe": 1.261363608975415,
        "calmar": 1.509063083816236
      },
      "oos": {
        "cagr": 0.13619315199669124,
        "max_dd": -0.18214219334702023,
        "sharpe": 0.7838234424662707,
        "calmar": 0.7477298340050944
      },
      "wf": 0.6214095895020767,
      "composite": 0.919439922375168
    },
    "C_reduce1m": {
      "full": {
        "cagr": 0.3414758100969142,
        "max_dd": -0.1489239627044286,
        "sharpe": 1.566759768586359,
        "calmar": 2.2929540947996787
      },
      "is": {
        "cagr": 0.33826586339872766,
        "max_dd": -0.1489239627044286,
        "sharpe": 1.5914614235929136,
        "calmar": 2.2713998288515094
      },
      "oos": {
        "cagr": 0.3218846610321091,
        "max_dd": -0.1197864526124408,
        "sharpe": 1.440619517550287,
        "calmar": 2.6871541314737857
      },
      "wf": 0.9052179940987303,
      "composite": 1.612180707373798
    },
    "AB_3t75_top1": {
      "full": {
        "cagr": 0.34031116948904594,
        "max_dd": -0.14225315627283533,
        "sharpe": 1.561538827783158,
        "calmar": 2.392292574769617
      },
      "is": {
        "cagr": 0.3678014663050717,
        "max_dd": -0.14225315627283533,
        "sharpe": 1.697983963695067,
        "calmar": 2.58554169159976
      },
      "oos": {
        "cagr": 0.27904047867843706,
        "max_dd": -0.13919705090455317,
        "sharpe": 1.2975234462514573,
        "calmar": 2.0046436103719896
      },
      "wf": 0.7641553006353795,
      "composite": 1.6495947949189194
    },
    "AB_3t70_top1": {
      "full": {
        "cagr": 0.3484876107903252,
        "max_dd": -0.14261452297585367,
        "sharpe": 1.571160695850416,
        "calmar": 2.44356327475378
      },
      "is": {
        "cagr": 0.37003106349997306,
        "max_dd": -0.14261452297585367,
        "sharpe": 1.6540020799117505,
        "calmar": 2.5946239960612125
      },
      "oos": {
        "cagr": 0.2940419840405928,
        "max_dd": -0.1391159727464709,
        "sharpe": 1.3618956394383885,
        "calmar": 2.1136464651436087
      },
      "wf": 0.8233941516633719,
      "composite": 1.6755871103997435
    },
    "AC_3t75_skip": {
      "full": {
        "cagr": 0.20296533375928671,
        "max_dd": -0.1821392190819067,