{
  "results": {
    "A_cross10_3": {
      "full": {
        "cagr": 0.29800879881407893,
        "max_dd": -0.15955999709564475,
        "sharpe": 1.4009997497589712,
        "calmar": 1.8676911772281124
      },
      "is": {
        "cagr": 0.33054923398452285,
        "max_dd": -0.15955999709564475,
        "sharpe": 1.660381087584805,
        "calmar": 2.0716297317703156
      },
      "oos": {
        "cagr": 0.23805433859265657,
        "max_dd": -0.14249850478830786,
        "sharpe": 1.07532152469468,
        "calmar": 1.6705742909113608
      },
      "wf": 0.647635372828081,
      "composite": 1.3670781305576492
    },
    "A_cross12_3": {
      "full": {
        "cagr": 0.2677288749558462,
        "max_dd": -0.1428989352271321,
        "sharpe": 1.3548783860033224,
        "calmar": 1.8735540228504988
      },
      "is": {
        "cagr": 0.301994243977566,
        "max_dd": -0.1428989352271321,
        "sharpe": 1.6352086468000793,
        "calmar": 2.1133414570063684
      },
      "oos": {
        "cagr": 0.21000437163223085,
        "max_dd": -0.12481114313355511,
        "sharpe": 1.0169683065728663,
        "calmar": 1.6825771029716
      },
      "wf": 0.6219195994119525,
      "composite": 1.3449187385326977
    },
    "A_cross10_2": {
      "full": {
        "cagr": 0.28889886591873415,
        "max_dd": -0.161368702953106,
        "sharpe": 1.412347883513316,
        "calmar": 1.7903029560985477
      },
      "is": {
        "cagr": 0.3583081754700075,
        "max_dd": -0.161368702953106,
        "sharpe": 1.7742621514967667,
        "calmar": 2.220431650703249
      },
      "oos": {
        "cagr": 0.1951841971623156,
        "max_dd": -0.1362656798357751,
        "sharpe": 0.96707043201903,
        "calmar": 1.4323797261170095
      },
      "wf": 0.5450549859293397,
      "composite": 1.3388401090284923
    },
    "AB_cross_accel": {
      "full": {
        "cagr": 0.18089191682335626,
        "max_dd": -0.1514677344072403,
        "sharpe": 1.0824701560460077,
        "calmar": 1.1942603983037423
      },
      "is": {
        "cagr": 0.16817342867281226,
        "max_dd": -0.1514677344072403,
        "sharpe": 1.1732491616503624,
        "calmar": 1.1102920983861593
      },
      "oos": {
        "cagr": 0.16879781040314534,
        "max_dd": -0.12186699986783534,
        "sharpe": 0.9154738401192879,
        "calmar": 1.3850985958972193
      },
      "wf": 0.780289362262597,
      "composite": 0.9468706051045713
    },
    "AC_cross_etf": {
      "full": {
        "cagr": 0.29800879881407893,
        "max_dd": -0.15955999709564475,
        "sharpe": 1.4009997497589712,
        "calmar": 1.8676911772281124
      },
      "is": {
        "cagr": 0.33054923398452285,
        "max_dd": -0.15955999709564475,
        "sharpe": 1.660381087584805,
        "calmar": 2.0716297317703156
      },
      "oos": {
        "cagr": 0.23805433859265657,
        "max_dd": -0.14249850478830786,
        "sharpe": 1.07532152469468,
        "calmar": 1.6705742909113608
      },
      "wf": 0.647635372828081,
      "composite": 1.3670781305576492
    }
  },
  "best": "A_cross10_3",
  "best_composite": 1.3670781305576492
}