{
  "dd": {
    "cagr": 0.2702378082182242,
    "max_dd": -0.14973733052527854,
    "sharpe": 1.434973276887829,
    "calmar": 1.8047457322113996,
    "wf": 0.8288373153497037,
    "composite": 1.3499351652833365
  },
  "vol": {
    "cagr": 0.26329088895681263,
    "max_dd": -0.17496604889693992,
    "sharpe": 1.362565708417109,
    "calmar": 1.5048113083464472,
    "wf": 0.8730103266337557,
    "composite": 1.1996089844967852
  },
  "combo": {
    "cagr": 0.26776763095671763,
    "max_dd": -0.16390341991955049,
    "sharpe": 1.3914670095886115,
    "calmar": 1.6336915427887186,
    "wf": 0.863654784904296,
    "composite": 1.2636169471422758
  },
  "early": {
    "cagr": 0.2650655255243033,
    "max_dd": -0.16628486826987202,
    "sharpe": 1.377857635704434,
    "calmar": 1.5940447755842415,
    "wf": 0.8464564813435455,
    "composite": 1.241774069620331
  },
  "combo_early": {
    "cagr": 0.2616350348687866,
    "max_dd": -0.15027454720067493,
    "sharpe": 1.3958036158746154,
    "calmar": 1.7410469021038015,
    "wf": 0.8585371925172438,
    "composite": 1.307067214165124
  }
}