{
  "results": {
    "v9g_base": {
      "full": {
        "cagr": 0.3717708585028201,
        "max_dd": -0.14876688079188474,
        "sharpe": 1.7122950308387006,
        "calmar": 2.499016289942272
      },
      "is": {
        "cagr": 0.40273089682314844,
        "max_dd": -0.14876688079188474,
        "sharpe": 1.856435343806145,
        "calmar": 2.7071273839944454
      },
      "oos": {
        "cagr": 0.31281643536129944,
        "max_dd": -0.10885776402446933,
        "sharpe": 1.449465299196256,
        "calmar": 2.873625396999554
      },
      "wf": 0.7807787672392074,
      "composite": 1.758878700012953
    },
    "A_acc09": {
      "full": {
        "cagr": 0.16731880361606377,
        "max_dd": -0.14533872814423107,
        "sharpe": 1.00964686262254,
        "calmar": 1.1512334375874003
      },
      "is": {
        "cagr": 0.14063739491419236,
        "max_dd": -0.14533872814423107,
        "sharpe": 0.99135465984201,
        "calmar": 0.967652577602212
      },
      "oos": {
        "cagr": 0.16818763919038116,
        "max_dd": -0.11878369149245671,
        "sharpe": 0.9396620922976128,
        "calmar": 1.4159152412017926
      },
      "wf": 0.9478566353310577,
      "composite": 0.897815880807189
    },
    "A_acc07": {
      "full": {
        "cagr": 0.20824234604700775,
        "max_dd": -0.14748274822916438,
        "sharpe": 1.1431667078803671,
        "calmar": 1.4119776621156583
      },
      "is": {
        "cagr": 0.22916204148480634,
        "max_dd": -0.14748274822916438,
        "sharpe": 1.3083618945486546,
        "calmar": 1.5538226961212136
      },
      "oos": {
        "cagr": 0.16648914386816527,
        "max_dd": -0.13447310763145792,
        "sharpe": 0.8929202519683495,
        "calmar": 1.238085047639798
      },
      "wf": 0.6824719182733306,
      "composite": 1.0637062172078118
    },
    "A_acc05": {
      "full": {
        "cagr": 0.1971631410514365,
        "max_dd": -0.17965201145442328,
        "sharpe": 1.0405782674953978,
        "calmar": 1.0974724939356202
      },
      "is": {
        "cagr": 0.1666723993436845,
        "max_dd": -0.17965201145442328,
        "sharpe": 0.9491726698685513,
        "calmar": 0.9277513677377799
      },
      "oos": {
        "cagr": 0.21492559355727736,
        "max_dd": -0.13906905748868315,
        "sharpe": 1.05405767146862,
        "calmar": 1.5454594820617598
      },
      "wf": 1.1105014977038836,
      "composite": 0.8946529327826944
    },
    "A_acc03": {
      "full": {
        "cagr": 0.2976860890931523,
        "max_dd": -0.14060058453100754,
        "sharpe": 1.4325410049237903,
        "calmar": 2.117246454459097
      },
      "is": {
        "cagr": 0.32521729409001576,
        "max_dd": -0.14060058453100754,
        "sharpe": 1.58166241621922,
        "calmar": 2.313057909217252
      },
      "oos": {
        "cagr": 0.24568891544192728,
        "max_dd": -0.12781032208697604,
        "sharpe": 1.1810217799519138,
        "calmar": 1.922293218811653
      },
      "wf": 0.7466964934116656,
      "composite": 1.4794522015717857
    },
    "B_etf20": {
      "full": {
        "cagr": 0.3717708585028201,
        "max_dd": -0.14876688079188474,
        "sharpe": 1.7122950308387006,
        "calmar": 2.499016289942272
      },
      "is": {
        "cagr": 0.40273089682314844,
        "max_dd": -0.14876688079188474,
        "sharpe": 1.856435343806145,
        "calmar": 2.7071273839944454
      },
      "oos": {
        "cagr": 0.31281643536129944,
        "max_dd": -0.10885776402446933,
        "sharpe": 1.449465299196256,
        "calmar": 2.873625396999554
      },
      "wf": 0.7807787672392074,
      "composite": 1.758878700012953
    },
    "B_etf40": {
      "full": {
        "cagr": 0.3717708585028201,
        "max_dd": -0.14876688079188474,
        "sharpe": 1.7122950308387006,
        "calmar": 2.499016289942272
      },
      "is": {
        "cagr": 0.40273089682314844,
        "max_dd": -0.14876688079188474,
        "sharpe": 1.856435343806145,
        "calmar": 2.7071273839944454
      },
      "oos": {
        "cagr": 0.31281643536129944,
        "max_dd": -0.10885776402446933,
        "sharpe": 1.449465299196256,
        "calmar": 2.873625396999554
      },
      "wf": 0.7807787672392074,
      "composite": 1.758878700012953
    },
    "C_alpha": {
      "full": {
        "cagr": 0.3742681311044007,
        "max_dd": -0.15041428145638408,
        "sharpe": 1.7123222497686248,
        "calmar": 2.4882486388962204
      },
      "is": {
        "cagr": 0.40665651062016295,
        "max_dd": -0.15041428145638408,
        "sharpe": 1.8622650888413321,
        "calmar": 2.7035764601786294
      },
      "oos": {
        "cagr": 0.3140403062956909,
        "max_dd": -0.11112155842234678,
        "sharpe": 1.444125468282631,
        "calmar": 2.826097030623868
      },
      "wf": 0.7754671861357504,
      "composite": 1.7550819816868182
    },
    "AB_acc07_etf20": {
      "full": {
        "cagr": 0.20824234604700775,
        "max_dd": -0.14748274822916438,
        "sharpe": 1.1431667078803671,
        "calmar": 1.4119776621156583
      },
      "is": {
        "cagr": 0.22916204148480634,
        "max_dd": -0.14748274822916438,
        "sharpe": 1.3083618945486546,
        "calmar": 1.5538226961212136
      },
      "oos": {
        "cagr": 0.16648914386816527,
        "max_dd": -0.13447310763145792,
        "sharpe": 0.8929202519683495,
        "calmar": 1.238085047639798
      },
      "wf": 0.6824719182733306,
      "composite": 1.0637062172078118
    },
    "AC_alpha_acc07": {
      "full": {
        "cagr": 0.21084137516763124,
        "max_dd": -0.14699346653225734,
        "sharpe": 1.149567713839618,
        "calmar": 1.4343588197599424
      },
      "is": {
        "cagr": 0.23137380597558366,
        "max_dd": -0.14699346653225734,
        "sharpe": 1.3144011279275571,
        "calmar": 1.5740414280576835
      },
      "oos": {
        "cagr": 0.16893120776516835,
        "max_dd": -0.1330921707433892,
        "sharpe": 0.8989390182373508,
        "calmar": 1.269279829321285
      },
      "wf": 0.6839152821290758,
      "composite": 1.0757388884733505
    },
    "BC_alpha_etf20": {
      "full": {
        "cagr": 0.3742681311044007,
        "max_dd": -0.15041428145638408,
        "sharpe": 1.7123222497686248,
        "calmar": 2.4882486388962204
      },
      "is": {
        "cagr": 0.40665651062016295,
        "max_dd": -0.15041428145638408,
        "sharpe": 1.8622650888413321,
        "calmar": 2.7035764601786294
      },
      "oos": {
        "cagr": 0.3140403062956909,
        "max_dd": -0.11112155842234678,
        "sharpe": 1.444125468282631,
        "calmar": 2.826097030623868
      },
      "wf": 0.7754671861357504,
      "composite": 1.7550819816868182
    }
  },
  "best": "v9g_base",
  "best_composite": 1.758878700012953
}