{
  "v7b_3sec": {
    "cagr": 0.11428553135131048,
    "max_dd": -0.17209041777317202,
    "sharpe": 0.8129711394626715,
    "calmar": 0.6641016555724056,
    "wf": 1.0415857865100568,
    "composite": 0.6136862242842929
  },
  "v7b_4sec": {
    "cagr": 0.1164860841325408,
    "max_dd": -0.17149117387339766,
    "sharpe": 0.8336901953244816,
    "calmar": 0.6792541067946504,
    "wf": 0.8791208081215279,
    "composite": 0.6284749376741611
  },
  "v7b_eq": {
    "cagr": 0.11951995471006205,
    "max_dd": -0.17370441188671498,
    "sharpe": 0.8467849005669515,
    "calmar": 0.6880651643322078,
    "wf": 0.9313729170357187,
    "composite": 0.6378440169016761
  },
  "v7b_abs": {
    "cagr": 0.11141422541075285,
    "max_dd": -0.17149117387339766,
    "sharpe": 0.8150183694417121,
    "calmar": 0.6496790644922854,
    "wf": 0.8945944711039321,
    "composite": 0.6081618186557497
  },
  "v7b_gld": {
    "cagr": 0.09974923282237813,
    "max_dd": -0.15014857962769615,
    "sharpe": 0.8052103015982455,
    "calmar": 0.664336839347487,
    "wf": 0.7081960685557158,
    "composite": 0.6077687029427686
  }
}