{
  "strategy": "v11a Master: v10d + v10b defensive bridge + v9m soft hedge",
  "full": {
    "cagr": 0.3208559448158239,
    "max_dd": -0.09437842006550255,
    "sharpe": 1.9158494147611824,
    "calmar": 3.3996748895895537
  },
  "is": {
    "cagr": 0.3515133270042259,
    "max_dd": -0.09393230792311684,
    "sharpe": 2.1211218931920426,
    "calmar": 3.7421983423630762
  },
  "oos": {
    "cagr": 0.26184447210062367,
    "max_dd": -0.09437842005476339,
    "sharpe": 1.5728800386089365,
    "calmar": 2.774410420821704
  },
  "wf": 0.7415321314900646,
  "composite": 2.190380910703459,
  "turnover": 0.527059533466965,
  "wf3": 0.817711806263782,
  "wf3_periods": {
    "is_2015_18": {
      "cagr": 0.25777282220558884,
      "max_dd": -0.09393230792311684,
      "sharpe": 1.8735969546381162,
      "calmar": 2.74424027158552
    },
    "oos1_2019_21": {
      "cagr": 0.46055786996184334,
      "max_dd": -0.058003019642266986,
      "sharpe": 2.399967842965577,
      "calmar": 7.940239539291733
    },
    "oos2_2022_25": {
      "cagr": 0.2502495829590434,
      "max_dd": -0.09437796213267505,
      "sharpe": 1.5320623499874553,
      "calmar": 2.6515679858317616
    }
  },
  "regime_hist": {
    "bull_hi": 54,
    "soft_bull": 60,
    "bear": 17
  },
  "bond_hist": {
    "TLT": 5,
    "IEF": 5,
    "none": 7
  }
}