{
  "v4d": {
    "cagr": 0.2702378082182242,
    "max_dd": -0.14973733052527854,
    "sharpe": 1.434973276887829,
    "calmar": 1.8047457322113996,
    "wf": 0.8288373153497037,
    "composite": 1.3499351652833365
  },
  "v5c": {
    "cagr": 0.25171247102438277,
    "max_dd": -0.15786989903657564,
    "sharpe": 1.3799972901648214,
    "calmar": 1.5944297966901562,
    "wf": 0.8466074694821661,
    "composite": 1.2401133289468675,
    "is_sharpe": 1.4329361999373815,
    "oos_sharpe": 1.2131344901583778
  },
  "delta": {
    "cagr": -0.018525337193841418,
    "sharpe": -0.05497598672300752,
    "composite": -0.10982183633646891
  }
}