{
  "strategy": "weekly_v5_drop8_hybrid",
  "full": {
    "cagr": 0.36150276788984015,
    "sharpe": 1.677089893488888,
    "max_dd": -0.18492150720411132,
    "calmar": 1.9548984504588924,
    "composite": 1.5250958911570802
  },
  "is": {
    "cagr": 0.3735645898225648,
    "sharpe": 1.805588880473793,
    "max_dd": -0.1823353609178833,
    "calmar": 2.0487775269811963,
    "composite": 1.6164594809465087
  },
  "oos": {
    "cagr": 0.33065549961104024,
    "sharpe": 1.5435391366073092,
    "max_dd": -0.18492150720411107,
    "calmar": 1.788085683543949,
    "composite": 1.3987810279827113
  },
  "wf": 0.854867435937177,
  "params": {
    "drop_stop": -0.09,
    "cost": 0.0015
  }
}