{
  "v6_reference": {
    "cagr": 0.452,
    "max_dd": -0.189,
    "sharpe": 2.065,
    "composite": 1.382,
    "wf": 0.644,
    "is_sh": 2.477,
    "oos_sh": 1.595
  },
  "best_v7": {
    "config": "HYG only(30%)",
    "w_crypto": 0.18,
    "cagr": 0.4796557696191619,
    "max_dd": -0.18567930944589503,
    "sharpe": 1.832218831180253,
    "calmar": 2.583248349267092,
    "composite": 1.8621180261027706,
    "wf": 0.637,
    "is_sh": 2.181,
    "oos_sh": 1.389,
    "is_cagr": 0.6128,
    "oos_cagr": 0.3358
  },
  "crypto_results": {
    "v5-D baseline": {
      "metrics": {
        "cagr": 0.47886981639439163,
        "max_dd": -0.7469889186506778,
        "sharpe": 0.9207218853186302,
        "calmar": 0.6410668276838661,
        "wf": 0.5463028402313398,
        "is_sharpe": 1.1270401157034993,
        "oos_sharpe": 0.6157052162634795,
        "is_cagr": 0.7093996399195479,
        "oos_cagr": 0.242089184959559,
        "composite": 0.6298820864478198
      },
      "wf": {
        "wf": 0.546,
        "is_sh": 1.127,
        "oos_sh": 0.616,
        "is_cagr": 0.7094,
        "oos_cagr": 0.2421
      }
    },
    "SPY_vol only(0.30)": {
      "metrics": {
        "cagr": 0.45576709913748914,
        "max_dd": -0.7469889186506778,
        "sharpe": 0.8918772848481002,
        "calmar": 0.6101390365479092,
        "wf": 0.4789240286377583,
        "is_sharpe": 1.1270401157034993,
        "oos_sharpe": 0.5397665926490851,
        "is_cagr": 0.7093996399195479,
        "oos_cagr": 0.19980268615234076,
        "composite": 0.603387629917747
      },
      "wf": {
        "wf": 0.479,
        "is_sh": 1.127,
        "oos_sh": 0.54,
        "is_cagr": 0.7094,
        "oos_cagr": 0.1998
      }
    },
    "SPY_vol only(0.25)": {
      "metrics": {
        "cagr": 0.45576709913748914,
        "max_dd": -0.7469889186506778,
        "sharpe": 0.8918772848481002,
        "calmar": 0.6101390365479092,
        "wf": 0.4789240286377583,
        "is_sharpe": 1.1270401157034993,
        "oos_sharpe": 0.5397665926490851,
        "is_cagr": 0.7093996399195479,
        "oos_cagr": 0.19980268615234076,
        "composite": 0.603387629917747
      },
      "wf": {
        "wf": 0.479,
        "is_sh": 1.127,
        "oos_sh": 0.54,
        "is_cagr": 0.7094,
        "oos_cagr": 0.1998
      }
    },
    "HYG only(50%)": {
      "metrics": {
        "cagr": 0.5058205771229571,
        "max_dd": -0.7469889186506777,
        "sharpe": 0.9642632117474191,
        "calmar": 0.6771460251868868,
        "wf": 0.5497025504780293,
        "is_sharpe": 1.1777642441437648,
        "oos_sharpe": 0.6474200088676559,
        "is_cagr": 0.7496854375444533,
        "oos_cagr": 0.25679101569788076,
        "composite": 0.663262597795055
      },
      "wf": {
        "wf": 0.55,
        "is_sh": 1.178,
        "oos_sh": 0.647,
        "is_cagr": 0.7497,
        "oos_cagr": 0.2568
      }
    },
    "HYG only(30%)": {
      "metrics": {
        "cagr": 0.5144072828245432,
        "max_dd": -0.7469889186506776,
        "sharpe": 0.9772083502144584,
        "calmar": 0.6886411163283949,
        "wf": 0.549747285978866,
        "is_sharpe": 1.1934503576543267,
        "oos_sharpe": 0.6560960950709731,
        "is_cagr": 0.7631851291673286,
        "oos_cagr": 0.26092317381721775,
        "composite": 0.6736660080479849
      },
      "wf": {
        "wf": 0.55,
        "is_sh": 1.193,
        "oos_sh": 0.656,
        "is_cagr": 0.7632,
        "oos_cagr": 0.2609
      }
    },
    "SPY+HYG light": {
      "metrics": {
        "cagr": 0.4844930150920921,
        "max_dd": -0.7469889186506775,
        "sharpe": 0.9357628303909193,
        "calmar": 0.6485946484551008,
        "wf": 0.5021944096776297,
        "is_sharpe": 1.168872773721933,
        "oos_sharpe": 0.5870013725875399,
        "is_cagr": 0.7423767212920576,
        "oos_cagr": 0.22409998075348758,
        "composite": 0.6383358772575511
      },
      "wf": {
        "wf": 0.502,
        "is_sh": 1.169,
        "oos_sh": 0.587,
        "is_cagr": 0.7424,
        "oos_cagr": 0.2241
      }
    },
    "SPY+HYG medium": {
      "metrics": {
        "cagr": 0.4893886916036012,
        "max_dd": -0.7469889186506776,
        "sharpe": 0.9434111024430918,
        "calmar": 0.6551485294957358,
        "wf": 0.5208687147708306,
        "is_sharpe": 1.1680047543260692,
        "oos_sharpe": 0.6083771352320394,
        "is_cagr": 0.7395541493270932,
        "oos_cagr": 0.23540040252391048,
        "composite": 0.6443342537865075
      },
      "wf": {
        "wf": 0.521,
        "is_sh": 1.168,
        "oos_sh": 0.608,
        "is_cagr": 0.7396,
        "oos_cagr": 0.2354
      }
    },
    "SPY+HYG tight": {
      "metrics": {
        "cagr": 0.4959364652381517,
        "max_dd": -0.7469889186506776,
        "sharpe": 0.9532807189897984,
        "calmar": 0.6639140860804011,
        "wf": 0.5334709999990844,
        "is_sharpe": 1.1732479854257267,
        "oos_sharpe": 0.6258937760319736,
        "is_cagr": 0.7427746232676913,
        "oos_cagr": 0.2446133647635338,
        "composite": 0.6522669338866257
      },
      "wf": {
        "wf": 0.533,
        "is_sh": 1.173,
        "oos_sh": 0.626,
        "is_cagr": 0.7428,
        "oos_cagr": 0.2446
      }
    },
    "SPY+HYG very tight": {
      "metrics": {
        "cagr": 0.5012406765747282,
        "max_dd": -0.7469889186506775,
        "sharpe": 0.9639300081354822,
        "calmar": 0.6710148759370401,
        "wf": 0.509537831335221,
        "is_sharpe": 1.2004388224864757,
        "oos_sharpe": 0.6116689942603651,
        "is_cagr": 0.7638001993453485,
        "oos_cagr": 0.23641425083844303,
        "composite": 0.6593565593054946
      },
      "wf": {
        "wf": 0.51,
        "is_sh": 1.2,
        "oos_sh": 0.612,
        "is_cagr": 0.7638,
        "oos_cagr": 0.2364
      }
    }
  },
  "meta": {
    "date": "2026-02-22",
    "desc": "Direction E: Macro gating on crypto (SPY vol30 + HYG credit spread)"
  }
}