{
  "strategy": "Hybrid v5: Dynamic BTC/ETH Weight Optimization",
  "crypto_components": {
    "v3": {
      "cagr": 0.7738176603995317,
      "max_dd": -0.49196832416685293,
      "sharpe": 1.4627105755723078,
      "calmar": 1.5729013889461072,
      "wf": 0.5993208914146588,
      "is_sharpe": 1.740929093633426,
      "oos_sharpe": 1.043375176286099,
      "is_cagr": 1.1726355405535118,
      "oos_cagr": 0.3900371050417961,
      "composite": 1.1458118213293695
    },
    "A": {
      "cagr": 0.6938425219316258,
      "max_dd": -0.5857057414712276,
      "sharpe": 1.230158842706359,
      "calmar": 1.184626464799151,
      "wf": 0.5550990843113326,
      "is_sharpe": 1.505396730596614,
      "oos_sharpe": 0.8356443466794543,
      "is_cagr": 1.0333475264515308,
      "oos_cagr": 0.3596147654170645,
      "composite": 0.9506175878421904
    },
    "B": {
      "cagr": 0.7564863839244238,
      "max_dd": -0.49305353981839906,
      "sharpe": 1.3747189372168376,
      "calmar": 1.5342885160160336,
      "wf": 0.55818757990156,
      "is_sharpe": 1.7068382814109888,
      "oos_sharpe": 0.9527359295841377,
      "is_cagr": 1.0778190574391058,
      "oos_cagr": 0.43609111382183907,
      "composite": 1.1054950552704297
    },
    "C": {
      "cagr": 0.743430576304299,
      "max_dd": -0.585705741471228,
      "sharpe": 1.2642177792763207,
      "calmar": 1.2692902317072796,
      "wf": 0.589786997538578,
      "is_sharpe": 1.5220179699505165,
      "oos_sharpe": 0.8976664086968767,
      "is_cagr": 1.0838370913095337,
      "oos_cagr": 0.40668491496271986,
      "composite": 1.0050922908980495
    },
    "D": {
      "cagr": 0.751773229680462,
      "max_dd": -0.6057122744596387,
      "sharpe": 1.252467367287741,
      "calmar": 1.2411391701631365,
      "wf": 0.6230986949209274,
      "is_sharpe": 1.4817696348616223,
      "oos_sharpe": 0.9232887256557359,
      "is_cagr": 1.0787649744125152,
      "oos_cagr": 0.4254724586528502,
      "composite": 0.9992882492029503
    }
  },
  "sweep": [
    {
      "strategy": "v3",
      "w_crypto": 0.15,
      "cagr": 0.49164500271760025,
      "max_dd": -0.22821031412270398,
      "sharpe": 2.0142012984239943,
      "calmar": 2.154350492910907,
      "wf": 0.628622165505942,
      "is_sharpe": 2.415002150858809,
      "oos_sharpe": 1.5181238817743719,
      "is_cagr": 0.6345946296843363,
      "oos_cagr": 0.34243047809546434,
      "composite": 1.2879604491925254
    },
    {
      "strategy": "v3",
      "w_crypto": 0.2,
      "cagr": 0.5444233011219339,
      "max_dd": -0.2208866809920884,
      "sharpe": 2.118894698086957,
      "calmar": 2.46471764923406,
      "wf": 0.6191436346112936,
      "is_sharpe": 2.541051781785105,
      "oos_sharpe": 1.5732760359099338,
      "is_cagr": 0.7256844480642102,
      "oos_cagr": 0.358778237489904,
      "composite": 1.418114737391221
    },
    {
      "strategy": "v3",
      "w_crypto": 0.25,
      "cagr": 0.5978419738029173,
      "max_dd": -0.21352363018500928,
      "sharpe": 2.177255479477376,
      "calmar": 2.799886707082079,
      "wf": 0.6188618043472894,
      "is_sharpe": 2.5998604986318763,
      "oos_sharpe": 1.6089543592345665,
      "is_cagr": 0.8198241897646545,
      "oos_cagr": 0.3748010531879762,
      "composite": 1.5432065335413223
    },
    {
      "strategy": "v3",
      "w_crypto": 0.3,
      "cagr": 0.6518500037911921,
      "max_dd": -0.20612127603520838,
      "sharpe": 2.199100843675543,
      "calmar": 3.1624586084934143,
      "wf": 0.6225398776839347,
      "is_sharpe": 2.612177566476521,
      "oos_sharpe": 1.6261847027230119,
      "is_cagr": 0.9169866925819437,
      "oos_cagr": 0.39048355376549826,
      "composite": 1.6663148649378354
    },
    {
      "strategy": "A",
      "w_crypto": 0.15,
      "cagr": 0.4866554555879061,
      "max_dd": -0.2282103141227044,
      "sharpe": 1.9138059914665564,
      "calmar": 2.132486682114817,
      "wf": 0.6323985388988355,
      "is_sharpe": 2.2889052535082666,
      "oos_sharpe": 1.4475003379964964,
      "is_cagr": 0.6212021801663663,
      "oos_cagr": 0.34266040714646984,
      "composite": 1.2549008961892962
    },
    {
      "strategy": "A",
      "w_crypto": 0.2,
      "cagr": 0.5366307114046545,
      "max_dd": -0.22088668099208814,
      "sharpe": 1.963253325053583,
      "calmar": 2.429438972935973,
      "wf": 0.6204597954054244,
      "is_sharpe": 2.3522689258510305,
      "oos_sharpe": 1.459488296472068,
      "is_cagr": 0.7057584583459984,
      "oos_cagr": 0.35839448649488737,
      "composite": 1.3664884301997162
    },
    {
      "strategy": "A",
      "w_crypto": 0.25,
      "cagr": 0.5866071871244536,
      "max_dd": -0.21352363018500886,
      "sharpe": 1.970527396579092,
      "calmar": 2.74727057898081,
      "wf": 0.6151104619376888,
      "is_sharpe": 2.3575884636439524,
      "oos_sharpe": 1.4501773289309976,
      "is_cagr": 0.7921683965442794,
      "oos_cagr": 0.3734394760984583,
      "composite": 1.4727530874522023
    },
    {
      "strategy": "A",
      "w_crypto": 0.3,
      "cagr": 0.6364921371566128,
      "max_dd": -0.20612127603520797,
      "sharpe": 1.9508658904171392,
      "calmar": 3.087949722608414,
      "wf": 0.611883059418022,
      "is_sharpe": 2.3297729336935764,
      "oos_sharpe": 1.425548590417726,
      "is_cagr": 0.8803034152934228,
      "oos_cagr": 0.3877696960167438,
      "composite": 1.5779499718346948
    },
    {
      "strategy": "B",
      "w_crypto": 0.15,
      "cagr": 0.49308841273311144,
      "max_dd": -0.22821031412270415,
      "sharpe": 1.9770536753969128,
      "calmar": 2.160675404302663,
      "wf": 0.6294277729467724,
      "is_sharpe": 2.374355547427988,
      "oos_sharpe": 1.4944853244014131,
      "is_cagr": 0.6162151324796599,
      "oos_cagr": 0.3547942114592775,
      "composite": 1.2809764762914495
    },
    {
      "strategy": "B",
      "w_crypto": 0.2,
      "cagr": 0.5460380294217426,
      "max_dd": -0.22088668099208866,
      "sharpe": 2.0589568751556118,
      "calmar": 2.4720278604815458,
      "wf": 0.6091939187920473,
      "is_sharpe": 2.4949360747620926,
      "oos_sharpe": 1.5198998845199676,
      "is_cagr": 0.6999835549118698,
      "oos_cagr": 0.37479067384313014,
      "composite": 1.4057651986201607
    },
    {
      "strategy": "B",
      "w_crypto": 0.25,
      "cagr": 0.5994396203069301,
      "max_dd": -0.21352363018500903,
      "sharpe": 2.0957616061869513,
      "calmar": 2.8073690007403,
      "wf": 0.596828469896811,
      "is_sharpe": 2.550337599013198,
      "oos_sharpe": 1.522114086939354,
      "is_cagr": 0.7861602908996939,
      "oos_cagr": 0.39419756432145037,
      "composite": 1.5255024618852777
    },
    {
      "strategy": "B",
      "w_crypto": 0.3,
      "cagr": 0.6532211222811282,
      "max_dd": -0.20612127603520838,
      "sharpe": 2.0999030824618834,
      "calmar": 3.169110607337541,
      "wf": 0.588667764478691,
      "is_sharpe": 2.5601278174510633,
      "oos_sharpe": 1.5070647190786277,
      "is_cagr": 0.8746919862680373,
      "oos_cagr": 0.41298305881431996,
      "composite": 1.64386398359042
    },
    {
      "strategy": "C",
      "w_crypto": 0.15,
      "cagr": 0.49875607020979973,
      "max_dd": -0.22821031412270423,
      "sharpe": 1.941922924477327,
      "calmar": 2.185510642352599,
      "wf": 0.6410067995630194,
      "is_sharpe": 2.312073140208501,
      "oos_sharpe": 1.4820546039606715,
      "is_cagr": 0.6338345954449935,
      "oos_cagr": 0.3540863691670628,
      "composite": 1.2812364268123813
    },
    {
      "strategy": "C",
      "w_crypto": 0.2,
      "cagr": 0.5531510845583953,
      "max_dd": -0.2208866809920886,
      "sharpe": 1.99393607549481,
      "calmar": 2.5042301422339146,
      "wf": 0.6318773310849343,
      "is_sharpe": 2.37511373337648,
      "oos_sharpe": 1.5007805268691041,
      "is_cagr": 0.7232596719024629,
      "oos_cagr": 0.37371054236338175,