{
  "components": {
    "stock_v11b": {
      "cagr": 0.34168828560534426,
      "max_dd": -0.20777238722317276,
      "sharpe": 1.4989703028935464,
      "calmar": 1.6445317405836493,
      "wf": 0.793,
      "is_sharpe": 1.6618943218896232,
      "oos_sharpe": 1.3176593828629892,
      "is_cagr": 0.3777,
      "oos_cagr": 0.3011,
      "composite": 0.9567196536719711,
      "is_sh": 1.662,
      "oos_sh": 1.318
    },
    "crypto_v5d": {
      "cagr": 0.47886981639439163,
      "max_dd": -0.7469889186506778,
      "sharpe": 0.9207218853186302,
      "calmar": 0.6410668276838661,
      "wf": 0.546,
      "is_sharpe": 1.1270401157034993,
      "oos_sharpe": 0.6157052162634795,
      "is_cagr": 0.7094,
      "oos_cagr": 0.2421,
      "composite": 0.6298820864478198,
      "is_sh": 1.127,
      "oos_sh": 0.616
    },
    "etf_momentum": {
      "cagr": 0.0739198322465644,
      "max_dd": -0.2642232314608945,
      "sharpe": 0.293299670880476,
      "calmar": 0.27976280449626045,
      "wf": 1.203,
      "is_sharpe": 0.27673198979198316,
      "oos_sharpe": 0.33280439611448054,
      "is_cagr": 0.0712,
      "oos_cagr": 0.0801,
      "composite": 0.1802255349674663,
      "is_sh": 0.277,
      "oos_sh": 0.333
    }
  },
  "correlations": {
    "stock_crypto": 0.09569274744903175,
    "stock_etf": 0.625296924366031,
    "crypto_etf": 0.09747400089439574
  },
  "sweep_results": [
    {
      "label": "Pure Stock",
      "ws": 1.0,
      "wc": 0.0,
      "we": 0.0,
      "cagr": 0.34168828560534426,
      "max_dd": -0.20777238722317276,
      "sharpe": 1.4989703028935464,
      "calmar": 1.6445317405836493,
      "composite": 1.325738474511947,
      "wf": 0.793,
      "is_sh": 1.662,
      "oos_sh": 1.318,
      "is_cagr": 0.3777,
      "oos_cagr": 0.3011
    },
    {
      "label": "v6 baseline (85:15:0)",
      "ws": 0.85,
      "wc": 0.15,
      "we": 0.0,
      "cagr": 0.4515576787460216,
      "max_dd": -0.18938391477619604,
      "sharpe": 1.8043787958784567,
      "calmar": 2.3843507474203856,
      "composite": 1.7658033530687414,
      "wf": 0.644,
      "is_sh": 2.148,
      "oos_sh": 1.383,
      "is_cagr": 0.5646,
      "oos_cagr": 0.3279
    },
    {
      "label": "80:20:0",
      "ws": 0.8,
      "wc": 0.2,
      "we": 0.0,
      "cagr": 0.48640650673812336,
      "max_dd": -0.20385834471559622,
      "sharpe": 1.7867688257557948,
      "calmar": 2.3860024342722466,
      "composite": 1.7663898053588412,
      "wf": 0.638,
      "is_sh": 2.12,
      "oos_sh": 1.352,
      "is_cagr": 0.6267,
      "oos_cagr": 0.3351
    },
    {
      "label": "70:15:15",
      "ws": 0.7,
      "wc": 0.15,
      "we": 0.15,
      "cagr": 0.4062404529085115,
      "max_dd": -0.18479146997495982,
      "sharpe": 1.7193497833301834,
      "calmar": 2.198372321858575,
      "composite": 1.6483369326572057,
      "wf": 0.636,
      "is_sh": 2.053,
      "oos_sh": 1.305,
      "is_cagr": 0.5099,
      "oos_cagr": 0.2927
    },
    {
      "label": "65:15:20",
      "ws": 0.65,
      "wc": 0.15,
      "we": 0.2,
      "cagr": 0.39130561474996073,
      "max_dd": -0.18389469483804857,
      "sharpe": 1.6847553601860454,
      "calmar": 2.1278787574300266,
      "composite": 1.603314769996421,
      "wf": 0.632,
      "is_sh": 2.015,
      "oos_sh": 1.273,
      "is_cagr": 0.492,
      "oos_cagr": 0.281
    },
    {
      "label": "60:15:25",
      "ws": 0.6,
      "wc": 0.15,
      "we": 0.25,
      "cagr": 0.37645729621978385,
      "max_dd": -0.18315346174193178,
      "sharpe": 1.646813519657162,
      "calmar": 2.055420043057785,
      "composite": 1.5561848843299357,
      "wf": 0.628,
      "is_sh": 1.973,
      "oos_sh": 1.239,
      "is_cagr": 0.4742,
      "oos_cagr": 0.2694
    },
    {
      "label": "60:20:20",
      "ws": 0.6,
      "wc": 0.2,
      "we": 0.2,
      "cagr": 0.4245102098434741,
      "max_dd": -0.19927833502600167,
      "sharpe": 1.6613701454587197,
      "calmar": 2.1302376386679684,
      "composite": 1.60154515561937,
      "wf": 0.623,
      "is_sh": 1.983,
      "oos_sh": 1.236,
      "is_cagr": 0.551,
      "oos_cagr": 0.2877
    },
    {
      "label": "55:20:25",
      "ws": 0.55,
      "wc": 0.2,
      "we": 0.25,
      "cagr": 0.4092586226829489,
      "max_dd": -0.19815652752846652,
      "sharpe": 1.6232666357208025,
      "calmar": 2.0653300084911717,
      "composite": 1.5572903822213795,
      "wf": 0.618,
      "is_sh": 1.941,
      "oos_sh": 1.2,
      "is_cagr": 0.5325,
      "oos_cagr": 0.276
    },
    {
      "label": "50:25:25",
      "ws": 0.5,
      "wc": 0.25,
      "we": 0.25,
      "cagr": 0.4410519634210388,
      "max_dd": -0.24456920614935201,
      "sharpe": 1.5740698843898238,
      "calmar": 1.8033830602193635,
      "composite": 1.4391915705278826,
      "wf": 0.612,
      "is_sh": 1.879,
      "oos_sh": 1.149,
      "is_cagr": 0.5903,
      "oos_cagr": 0.2817
    },
    {
      "label": "50:20:30",
      "ws": 0.5,
      "wc": 0.2,
      "we": 0.3,
      "cagr": 0.394097291201134,
      "max_dd": -0.19704407970646307,
      "sharpe": 1.5823850160699604,
      "calmar": 2.000046343885193,
      "composite": 1.5117920022222884,
      "wf": 0.613,
      "is_sh": 1.897,
      "oos_sh": 1.162,
      "is_cagr": 0.5141,
      "oos_cagr": 0.2643
    },
    {
      "label": "70:10:20",
      "ws": 0.7,
      "wc": 0.1,
      "we": 0.2,
      "cagr": 0.35717741195790964,
      "max_dd": -0.18979508366661557,
      "sharpe": 1.6569037534933262,
      "calmar": 1.8819107695397916,
      "composite": 1.4869612916048291,
      "wf": 0.653,
      "is_sh": 1.972,
      "oos_sh": 1.288,
      "is_cagr": 0.4328,
      "oos_cagr": 0.2734
    },
    {
      "label": "65:10:25",
      "ws": 0.65,
      "wc": 0.1,
      "we": 0.25,
      "cagr": 0.34273954108693094,
      "max_dd": -0.1890668447539791,
      "sharpe": 1.619572951124284,
      "calmar": 1.8127955831331322,
      "composite": 1.4414953219203526,
      "wf": 0.65,
      "is_sh": 1.93,
      "oos_sh": 1.255,
      "is_cagr": 0.4157,
      "oos_cagr": 0.2619
    },
    {
      "label": "60:10:30",
      "ws": 0.6,
      "wc": 0.1,
      "we": 0.3,
      "cagr": 0.32838567409158337,
      "max_dd": -0.18834994452841813,
      "sharpe": 1.5783023538510743,
      "calmar": 1.743486970032193,
      "composite": 1.3943928643716237,
      "wf": 0.647,
      "is_sh": 1.884,
      "oos_sh": 1.219,
      "is_cagr": 0.3988,
      "oos_cagr": 0.2504
    },
    {
      "label": "75:15:10",
      "ws": 0.75,
      "wc": 0.15,
      "we": 0.1,
      "cagr": 0.4212611803631623,
      "max_dd": -0.18631371432201013,
      "sharpe": 1.7507178394657439,
      "calmar": 2.26103151824394,
      "composite": 1.6889519791565062,
      "wf": 0.639,
      "is_sh": 2.088,
      "oos_sh": 1.334,
      "is_cagr": 0.528,
      "oos_cagr": 0.3044
    },
    {
      "label": "70:20:10",
      "ws": 0.7,
      "wc": 0.2,
      "we": 0.1,
      "cagr": 0.45528167170877687,
      "max_dd": -0.20154986623790133,
      "sharpe": 1.7293464645119316,
      "calmar": 2.2589033682184674,
      "composite": 1.6863562674339152,
      "wf": 0.632,
      "is_sh": 2.057,
      "oos_sh": 1.299,
      "is_cagr": 0.5886,
      "oos_cagr": 0.3113
    },
    {
      "label": "65:20:15",
      "ws": 0.65,
      "wc": 0.2,
      "we": 0.15,
      "cagr": 0.43985143806910587,
      "max_dd": -0.2004094615721444,
      "sharpe": 1.6967146996494171,
      "calmar": 2.1947638330976003,
      "composite": 1.6445617007126283,
      "wf": 0.628,
      "is_sh": 2.021,
      "oos_sh": 1.269,
      "is_cagr": 0.5697,
      "oos_cagr": 0.2995
    }
  ],
  "best": {
    "label": "80:20:0",
    "ws": 0.8,
    "wc": 0.2,
    "we": 0.0,
    "cagr": 0.48640650673812336,
    "max_dd": -0.20385834471559622,
    "sharpe": 1.7867688257557948,
    "calmar": 2.3860024342722466,
    "composite": 1.7663898053588412,
    "wf": 0.638,
    "is_sh": 2.12,
    "oos_sh": 1.352,
    "is_cagr": 0.6267,
    "oos_cagr": 0.3351
  },